,Site1,Site2,Site3,Site4,Site5,Site6,Site7
0,2395,2535,3121.5,3471.5,3492.5,3655,3679.5
1,1946.5,1510.5,2334,3269,3511.5,3598.5,3530
2,2510.5,2574.5,2834,3420,3455,3572,3235
3,2700.5,2734,3034.5,3409,3548,3593.5,3617.5
4,2358.5,2797.5,3111,3474,3538,3179,3157.5
5,1860,2353.5,3143.5,3518,3570,3649,3621.5
6,2782.5,2818.5,3181,3465,3102,3632.5,3597.5
7,2170.5,2243.5,2901,3563.5,3439.5,3716,3668
8,2901.5,2959,3146,3477.5,3569.5,3654.5,3665
9,1887.5,2730,3078,3500,3529,3694.5,3466.5
10,2829,3055.5,3180.5,2817.5,2707.5,2762,2703.5
11,3012.5,3034,3280.5,3697,3676,3697,2245.5
12,2966.5,3062.5,3362,3844,3910.5,3984,3988.5
13,3003.5,3151,3288,3015,2077.5,2618,2703.5
14,2288,2771,2128,2863,1930.5,2173,1182.5
15,3145,3200,3400.5,3844,2535.5,3899.5,3795
16,2380.5,3007.5,3515.5,3828,3737,3991,3952.5
17,622,2590.5,3390,3749.5,3852,3890,3811
18,568,340,1934.5,3538.5,3813.5,3996,3964.5
19,235,288.5,838,3340.5,3464.5,3707,3677.5
20,922,2926.5,795,3283,2742.5,3177,1966
21,686.5,497,1325.5,2824,2898.5,2535,2712.5
22,3023.5,1811,1537,1698,956,3181,1990
23,1260,2145.5,2878.5,3431,3352.5,3847,3946
24,2263,2992.5,3563.5,3952.5,4031,4064.5,3856.5
25,2061,1901.5,3433,3947.5,4089.5,4157.5,4157
26,3565,3641.5,1279,3401,3167,2732.5,2812.5
27,2761.5,3479.5,3870.5,4319.5,4394.5,4453.5,4460
28,2847.5,3184,3496.5,3590.5,3749,3813.5,4082
29,3218.5,2359,2331.5,3821,3413,4118,4222
30,2913.5,2226,3550,4024.5,3956,4315.5,4389.5
31,2552,2928,3806,4221,4157.5,3973,3401
32,3574,3490,3591,4442,4344.5,4547.5,4496
33,3678,3700,4143,4462.5,4360,4588.5,4572
34,3772,3808.5,4119,4301,4454.5,4461.5,4545.5
35,3819.5,3623,4172.5,4459.5,4503.5,4601.5,4584
36,2598.5,2460,2292.5,2963,2361.5,2930,3418.5
37,381.5,912,1189,1406,1121,1905.5,2399.5
38,3305,3892,4220,4469,4488,4279,4213.5
39,3658.5,3634,4275.5,4631.5,4658,4745.5,4695
40,2056.5,2606.5,4334.5,4727,4681.5,4849.5,4774
41,2783,2137,495,3750,3308,4812.5,4736
42,3068,3061.5,3383,4657.5,3963.5,4698,4627.5
43,1249.5,2765.5,2615,2887.5,2729.5,3446.5,3743.5
44,4076.5,4035,1925.5,4757.5,4776,3110.5,3128
45,4404.5,4444,1701.5,2014.5,1051,4167.5,3793.5
46,4006.5,4180.5,4716,3285.5,4959,4302,4171
47,3680,4176.5,4469,4942.5,4464,5164,5100.5
48,2819,2505,3087.5,4887,4689,4952.5,5049
49,4445,4066.5,1608.5,3435,4450,3925.5,4925.5
50,1527.5,2604,4419.5,4327.5,3765,3334.5,4324.5
51,2624,3606,3588.5,4816,4514.5,5146.5,5270.5
52,4182.5,4068.5,3974,5154,5083,5203.5,5234.5
53,4570,4674.5,4826,5039,5253,5293,5223
54,4768.5,4836,5047.5,5441,5294.5,5511.5,5471.5
55,4937.5,4668.5,5160.5,5473.5,5317,5551.5,5533.5
56,2558.5,3979,4666,5576,4263,5549.5,5394.5
57,1775.5,4780,2198.5,2987.5,2255,4161.5,5219
58,2731,3676,2688,5452,4808,5558.5,5502
59,1664,3057,4662.5,5528.5,5393,5738.5,5651.5
60,5226.5,4747.5,5310.5,5842.5,5816,5890.5,5822
61,5333.5,5193.5,5514,5864,5866,5917,5881
62,5417,5299.5,5597.5,5873.5,5889.5,5925,5872
63,4766.5,5164,5011.5,5037.5,4724,3397.5,4822
64,5699.5,5481,2460.5,5924.5,2171.5,5917,5431
65,5715,5567.5,5884,6125,6146.5,6111.5,6074
66,5735.5,5559.5,5791.5,6088,6120,6070,5992
67,5847.5,5672.5,5888,6312.5,6186.5,6218.5,6077.5
68,4667.5,5010,5219.5,5846,5981,6171.5,6165.5
69,2149,3042.5,4944,6070.5,4615,6289.5,6102.5
70,5398,4620.5,5448.5,5231.5,5001.5,6191,6301.5
71,945,1362.5,4687,6144.5,4480.5,6345,6220
72,1640,972,4154,6197,5956.5,6401,6289.5
73,1486.5,1122.5,4753.5,6246.5,5509,6381.5,6264
74,1041,1240.5,2469,5050,1563,5893,6204.5
75,5411.5,2526.5,1772,2495.5,1962.5,2958.5,2066.5
76,1710,3755,3359,6454,4747.5,3931.5,5234
77,4279,3773,4713.5,6202.5,6401.5,5987.5,6465.5
78,3935,4297.5,6106,6640,6504.5,6702,6631.5
79,2729.5,5936.5,6428.5,6707.5,6602.5,6744.5,6655.5
80,4874.5,5221,4581,6354.5,3101,6744,6646.5
81,5609,5621.5,5101.5,5888,3707,6298,6600.5
82,2960,1002.5,6414,5932.5,4727.5,4794.5,5083
83,2746.5,4597.5,1242.5,5481,637,6149,5280
84,3859,3614,5468,6699,5088.5,6819.5,6745.5
85,713,1197.5,3723.5,6424,6035.5,6715.5,6735
86,3936.5,5080.5,4933,5789,5677,6562,6763.5
87,1151,2615.5,4847,5759.5,5639.5,6583.5,6541
88,1198,5325.5,5924.5,6597.5,5479.5,6492.5,6815
89,1316,1950.5,3246,7006,2189.5,7119,6953.5
90,6161.5,6703.5,4709,7291.5,7175,7371,7213
91,6344,5272.5,6279.5,7262,6914,7153,7100
92,5621.5,5007,5806.5,6904,6991.5,7292,7206
93,4332,6803.5,4722.5,7142,6857,5985.5,6262
94,4848.5,6752,7187.5,7290.5,7154.5,5995.5,5454
95,6159,6960.5,7253.5,7550.5,7370.5,7555,7301.5
96,5415.5,5945.5,7287,7718.5,7546.5,7409.5,7358
97,5915,5994,7242.5,7312.5,7251.5,6166.5,6370
98,5276.5,5292.5,6889,7501.5,7338,7522,7292.5
99,2469.5,1725,5542.5,7659,7409,7512,7231
100,4147.5,4592,1398,6416.5,5692.5,5711.5,6798.5
101,4856,3715,2072,6950.5,5936,7414.5,7274.5
102,1939.5,4584,1173.5,2645,1019,4025.5,3708
103,7573.5,7282.5,3349,6772,7401,6349.5,7327
104,6889,7006.5,7347,7675,7407.5,7661,7608
105,5432,6526.5,7019.5,7627,7538.5,7712,7588.5
106,4834,6062,7054.5,7792.5,7645,7848,7716
107,2824.5,5914.5,7108,7382.5,7229.5,7174,7382.5
108,4118,7168.5,7195,7540,7154,7484.5,7409.5
109,7663.5,7449,7426,7797,7543,7790.5,7670.5
110,7680,7452,7610,7928,7674,7906,7693.5
111,6581.5,7464.5,7604,7932,5217.5,7961.5,7775.5
112,7541,7420.5,7311.5,7778.5,1741.5,7857,7589
113,6821,6487.5,4791.5,6389,5045.5,6858.5,7682.5
114,1474,3179.5,3399.5,5259.5,3585.5,3813,2802
115,2419.5,6626,3196.5,6150,4216,7521,7780.5
116,6537.5,7270,6693.5,8096.5,7893,7976.5,7870
117,7899.5,7693,6778,8094,7968.5,7957.5,7712
118,7805,7672.5,7729.5,8107,7734.5,8111.5,7864
119,4793.5,6951.5,7574.5,8125.5,5139.5,8098,7925.5
120,7987,7393,7790.5,7867,1195,6690,7186.5
121,6302,6706,7510.5,7901.5,2395,7324.5,6574.5
122,3226.5,2434,8110.5,8341.5,7219.5,8250,8096.5
123,4286.5,7891,8057.5,8424.5,7007,8383.5,8348
124,8270,8067,8234.5,8563.5,8146.5,8443.5,8237.5
125,8447.5,8095.5,8165,8491.5,7612,8167.5,7689
126,8480,8291.5,8285.5,8482,8208,8437.5,8363
127,8150,7946.5,8213,8454.5,8252,8520,8050
128,8443,8300,8296,8499.5,8237.5,8330,7901
129,8566,8122,8434.5,8578.5,7682,8495,8231
130,8509.5,8263.5,8273,8510.5,7033.5,8619,8524
131,8520.5,8312.5,8180.5,8579.5,7528,8390.5,8244
132,7762,7427,7932.5,8600.5,7863,8557.5,8393
133,6109,8266.5,8444,8723.5,8507.5,8549,8173.5
134,8241.5,8030.5,8243.5,8855.5,8448.5,8950,8552
135,8497.5,8224.5,8280.5,8542.5,8296,8515,8408
136,4167.5,6618,8144.5,8681.5,8101,8564.5,8348.5
137,8686.5,8442,8316.5,8670.5,8298,8677,8506.5
138,8240,8287,8319.5,8648,8146,8600,8469.5
139,8516.5,8363.5,8451,8704,8352.5,8642,8318.5
140,6636,7864,8380.5,8767.5,8571,8704,8475
141,8381,8373.5,8528,8769.5,8492,8672,8440.5
142,8393.5,8520.5,8614.5,8575,8553,8610.5,8329
143,8502.5,8586.5,8588.5,8813,7953.5,8650.5,8456.5
144,6237,5400,7767.5,8276.5,6655,8633.5,8191.5
145,4897.5,7024.5,7089.5,8823.5,8385,8851,8784
146,5706,8411.5,8625.5,8858.5,8555,8824,8597.5
147,6538.5,8488,8702.5,9012,8691.5,8958.5,8787
148,8918.5,8605,8632.5,9010.5,8668,8896,8773
149,8854,8645.5,8501,8882.5,8450,8838.5,8652
150,8332,8550.5,8561.5,8872,8433.5,8835,8682.5
151,8729.5,8543,8580,8868.5,8501,8746.5,8282.5
152,7633,8224,8681,8886,7126.5,8820.5,8390.5
153,7638.5,8436,8582,8843,7862,8683.5,8318.5
154,2405,3404.5,6845.5,8808.5,5213.5,8790.5,8511
155,8135.5,8646.5,8875,9111,8817.5,9054.5,8820.5
156,8987.5,8715,8772.5,9033.5,8784,8933.5,8824.5
157,5386.5,8500.5,8712.5,8993,8695.5,8944,8694
158,9277.5,8950.5,8866.5,8860,8452.5,8772,8483
159,9331,9115.5,9072.5,9221.5,8011.5,8932.5,8606
160,9231.5,9028,9041.5,9220,8017,9083.5,8713
161,8975.5,8802,9003.5,9148,7789.5,9049,8675.5
162,8811,8665.5,8960.5,9131,8280,8951.5,8707.5
163,9142,8689,8709.5,9112,7844,9138.5,8800.5
164,9078,8762.5,8617,8948,6311.5,8925,8591.5
165,8773,8468,8331.5,8875.5,5355.5,8729,8461.5
166,7587,8269.5,8499,8824.5,7533,8862,8780.5
167,8878,8561.5,8847,9052.5,8539,8677,8381.5
168,9172,8759.5,8808,9108.5,8027,8971,8710.5
169,9307,8912,9011,9238.5,7662.5,9196,8942
170,9210.5,8927,8902.5,9098.5,7699,9073,8896
171,9079,8774.5,8887.5,9042,7492,8991,8702
172,4016,6412,8846,9198,7819.5,9278,8907.5
173,8372,8884.5,8837.5,8918.5,8579,9225.5,8833
174,9270.5,8968.5,8952,9144,8923,8685,8091
175,8706.5,8793,8868,9298.5,8985.5,8991.5,8510
176,9258.5,8655.5,9052.5,9183.5,8885,9024.5,8407.5
177,9199.5,8889.5,9028,9285,8971.5,8741.5,8376.5
178,9084,8832,9081,9112,8886,8721.5,8316.5
179,9056.5,8640.5,8899,9112.5,8778.5,8922.5,8539
180,7092.5,8410.5,8833,9067.5,8730.5,8902,8501
181,5682.5,8655,8676,9009.5,8247.5,8920.5,8496
182,8899.5,8596,8656,8929,8215,8742.5,8470
183,9106,8758,8754,8907.5,7157,8357,7013
184,9134,8729,8826,6721,5936.5,4362,3214.5
185,9107.5,8797,8663,8664,5618,8572.5,8348
186,9146.5,8778.5,8741,8828.5,7471,8803,8668.5
187,9002,8777,8696.5,9006.5,8713.5,8925,8601.5
188,8919,8628.5,8757.5,8967,8845.5,8683,8410
189,8974.5,8782.5,8612,8682.5,8436,8564,8111.5
190,9048.5,8766.5,8584.5,8386,7974.5,8146,7672.5
191,9140.5,8611,7517.5,8408.5,7904.5,6742.5,6737.5
192,8802.5,8386,6803.5,3442.5,3123,3216,3243.5
193,8970,8538,7630,4464,4732,3698,4894.5
194,8835.5,8155,8600.5,8274,8429,7897.5,6840
195,8700.5,8285,8601.5,8660.5,8260.5,8270,7570.5
196,8204,8347.5,8512,8831.5,7631.5,8728,8325
197,6284,5616,8478.5,8812,7736,8863,8609
198,8321.5,8292,6957.5,7026.5,5695.5,7853,8334
199,5804,7464,3539.5,8429,8321,7998.5,4586.5
200,8801,8500.5,8511.5,8337,8413.5,8249,8031
201,8739.5,8419,8399.5,8245,8130,7163,7431.5
202,8673,8154.5,6930.5,7745,7958,6712,7377.5
203,8006.5,8124,7512.5,8024,8063,7876.5,6774
204,8421.5,8531,8674.5,8598.5,7794,8254.5,7857
205,8726.5,8264,8435,8727.5,7800,8492.5,8080.5
206,7688,8331.5,8391.5,8677.5,8126.5,8540,8173
207,8706,8341,8499,8827,8220,8691,8310.5
208,8539,8229.5,8548,8906,8573.5,8431,6770
209,8570,8335,8546.5,8807,8515.5,7171.5,3180
210,8482.5,8367,8585,7968.5,7891,3533.5,3618
211,8503.5,8339,8275.5,7433.5,7960.5,2545,3733
212,8068.5,8395.5,8283,7402,7742.5,5560,7511
213,8159,8174.5,8176,7984.5,7857.5,7880.5,7521
214,7965,7763,7199,7108,5881.5,7287.5,7686.5
215,7072,4745,5931,5770,6815,8030,7835
216,7347,7982,8086.5,7975.5,7972,7959,6484
217,7905,8077.5,7972.5,8055.5,7917,6817.5,7410.5
218,7532.5,8061.5,7801.5,7514.5,7238,5624,7501.5
219,7716.5,8067.5,7751.5,7702.5,7678,7747,7407.5
220,7373,7750.5,7707.5,6854.5,7557,7164,6989.5
221,7522.5,7896.5,7596,7239.5,7582,7333,7157
222,6960,7728,7296,6251,7409,6921,6358.5
223,7186,7480.5,5157,7249.5,7419,5376.5,7252
224,7021,7309,7276.5,6866,7441,6307,6394.5
225,6041.5,6094,6510,7629.5,7600.5,7516.5,7447.5
226,4788,7337.5,7549.5,7817,7511,6784,4984
227,7467,7532.5,7360,7610,5761.5,1739.5,2557
228,6650,7304.5,6262,7159.5,6356,4744.5,6494.5
229,7108.5,7100.5,5889,7260.5,7145,7213,7226
230,6377.5,7500,6799,7398,7248,7293.5,7278.5
231,6679,7372,7476.5,7435.5,7211.5,7213.5,6656.5
232,6547.5,7268.5,7269,7401.5,7131,6784,6939.5
233,6916.5,7315,7225,5886,7154.5,3706,4811.5
234,7184.5,7265.5,7314,7306,6203.5,4783.5,6806
235,7275.5,7474,7300.5,7429,5932,7235.5,6295
236,7422,7132,7249.5,7374,6326.5,7344.5,7281.5
237,7208.5,7325.5,7544.5,7857,7620,7584.5,7255
238,7362,7340,7714,7708,7479.5,7441.5,7234.5
239,7298.5,7303,7548.5,7403.5,7208.5,4984,6898.5
240,7447,7366,6525,6002.5,7019.5,6835.5,6718
241,7283.5,7102.5,6921,5063,6407,2541.5,1304.5
242,7326,7101,6507,7082.5,7037.5,6936.5,6743
243,7113,5975,7250.5,7659.5,7501.5,7262.5,5102
244,7032,6986.5,7260.5,7610,7361,6572.5,6848.5
245,7026.5,6965.5,7386,7088.5,6862,6890,6502.5
246,7145.5,6931.5,6802,6798.5,6638,4263,5403.5
247,6591.5,3696.5,5818,3314.5,1948,4335.5,5936.5
248,6761,6638,5968,6773,6608,6460.5,6116.5
249,6747.5,6488.5,6598,6811.5,6680.5,6304.5,5200
250,6510.5,6440,5705.5,6602,6452,5633,4774
251,6801.5,6710.5,6493,6080,6259.5,4398,5340.5
252,6755.5,6701.5,6696,5617.5,6143,6041,4724
253,6603.5,6547,6611.5,6597.5,6434,4773.5,5289
254,6568.5,6342,6428,6634.5,5252,6565,6408
255,6048,5904,6522.5,6968.5,6737,6875,6635.5
256,4999,5852,6598.5,6698,6568,6693,6587.5
257,6512.5,6381,6422,6716,6462.5,6840.5,6751
258,6468.5,6029.5,5838.5,6653.5,6454,6697,6506
259,6198.5,6149,6302.5,6695.5,6555.5,6586,6461
260,6150,6163.5,6281,6510.5,6517,6511,6333.5
261,6144,6160,6183,6448,6376.5,6395.5,6197
262,6048.5,5944.5,5050.5,6186,6337.5,6419,6341.5
263,5816.5,5433,5166.5,6114.5,5546,6232,6105.5
264,5951,5901,5150,4912.5,4815.5,3740,5334
265,5019,4883.5,5927.5,6063.5,6048.5,5467.5,4881
266,5886,5762.5,6025.5,6178,6042,6242,6095
267,5551.5,5528.5,5932.5,6217,5772,6295.5,6133.5
268,5605.5,5553.5,5791.5,6120,5381,6174,6126
269,5595.5,5538.5,5752.5,6046,5785.5,5357,6016.5
270,5501.5,5472.5,5597.5,5765,5781,4272.5,5800.5
271,5233,5504,5571,5980,5165.5,5437,5529
272,5612.5,5481,5606.5,5942,5886,5930,5779
273,5537,5458,5630,5983,5873,6084,6019
274,5477.5,5486.5,5653.5,5924.5,5802.5,6019,5869
275,5430,5344,5597,5724,5743,5795.5,5845.5
276,5292.5,5215.5,5338,5643,5643,5882.5,5428
277,4351,4762,3859.5,4974,4960,5437,5533.5
278,5217,5183,5333,5722,4536,4537.5,4732.5
279,5200.5,5210.5,5293,5725.5,5575,5723.5,5490
280,3798.5,5048.5,5340.5,5670,4310,5722.5,5522
281,4537.5,5019.5,4323,4971.5,4335,5603.5,5372.5
282,4961,4932.5,4834,5506.5,5345.5,3832.5,4524
283,4837.5,3537.5,1347.5,3803.5,3522.5,5269,4809
284,1901,1550.5,1143,4379.5,3312,4131,5425.5
285,4361.5,4695.5,3243.5,5177,5035.5,5335.5,5285.5
286,4581,4715,4981.5,5301,5314,5302,5230
287,4162.5,4567.5,4683,5068.5,5176,5405,5344
288,3944,4556,4854,5207,5215,5293.5,5248
289,4722.5,4795,4914,5166.5,5171.5,5225,5083
290,4600,4627,4855,5275,2677,4878,4993
291,4141.5,4513,4745.5,5188,4589,5339.5,5275
292,4206,4320,4705,5006.5,977.5,5118.5,5012
293,4074.5,2634.5,4680.5,4960.5,2973.5,5055,4960
294,739,3105,533.5,4865,3371,4997.5,4925
295,1963,3393,3787.5,4986.5,4941,4705,3988.5
296,617,2613.5,4538.5,5021.5,4978.5,5121.5,5030.5
297,4045.5,4009,4455,4849.5,4784.5,4962.5,4958
298,3211,4118,4430.5,4855,4838.5,5015,5022
299,3520,4046,4365.5,4750,4797,4910.5,4857
300,3486,3926,4352,4708,4775,4877,4805
301,3950,4047.5,4352,4739,4737.5,4873.5,4802.5
302,3148,3896,4313.5,4705.5,4670.5,4781.5,4718
303,1329,1570.5,3450.5,4496.5,4117,4724,4658
304,2611.5,3127.5,1183,4183,3577,3529,4581
305,2645.5,3204.5,3583.5,4496,3899.5,4655,4552
306,3070.5,3722,4024.5,4410,4375.5,4574,4377
307,3338.5,3743,4020.5,4406.5,4448.5,4538,4509
308,3729,3784,4063.5,4304,4372,4450,4469.5
309,3649.5,3733.5,4028,4309,4266,4423.5,4419
310,2881.5,3629,3902,4293.5,4047,4393.5,4329.5
311,683,2122,2073,2331,1416.5,2181,1222.5
312,2692,3597,2148.5,4246,4175.5,4037,3142
313,2460,3599.5,2596.5,4244.5,3471.5,3077.5,2934.5
314,2906.5,3366,3846,4204,4217,4367,4372.5
315,2491,3496,3779.5,4158.5,4213.5,4333,4335.5
316,1347.5,2875,3777,4163.5,4228.5,4339.5,4345.5
317,3194,3296,3631.5,3174.5,3489.5,3882.5,4055
318,2209.5,2326.5,2197,2502.5,1260.5,1441,1325
319,803.5,734,1487.5,2602.5,2186,3207,3874
320,975,1272.5,943,2570,703.5,3960.5,3899
321,1831.5,2256,2082,3771.5,3023.5,3988,3956.5
322,510,2464.5,3197.5,3800.5,3806.5,3940,3983
323,169,1286.5,3380,3800,3806.5,3968,4000
324,1062.5,1909.5,2656.5,3754,3769,3918,3979.5
325,2769.5,3133.5,3395,3663,3689.5,3804,3778
326,2815,3128,3393.5,3736,3760.5,3873.5,3860
327,3012.5,3127,3403.5,3744.5,3730.5,3800.5,3734.5
328,2936,2977.5,3400,3687.5,3527.5,3771,3715.5
329,2843,3015.5,3341.5,3682.5,3228.5,3726,3614.5
330,1633.5,1924.5,2136,2714,2729,2598,3230.5
331,315,725,193.5,3054,2353,3611.5,3450.5
332,612,466.5,1169.5,2910,465,3008,3629
333,554.5,996.5,222,1314.5,1036.5,1559,3195
334,888.5,767.5,1351.5,2645.5,1235.5,2959.5,3436
335,1431,1995,237,2842.5,1031,3320,3424.5
336,2414,2427.5,931,3172,2062.5,3252,3423.5
337,199.5,614,2299.5,2521,2562,3118,3305
338,1115,437,1161,2463.5,3239,3220,3334.5
339,2641.5,1302.5,1690,3356.5,2953.5,3151,2750
340,2350.5,2892,1403.5,3470,3358.5,3577,3528
341,2106,2272.5,2067,3281,2336.5,3609.5,3608
342,2600,2788.5,1473.5,2857,3268.5,3381.5,3528
343,2741,2860.5,2986,3366,3411.5,3523.5,3510.5
344,1898.5,1445,3001.5,3314,3395,2894,3569.5
345,529.5,2571,546.5,2770,1081,2701.5,2972
346,2345.5,2788.5,1956,1180.5,3064.5,469.5,2364.5
347,1387.5,1449.5,1533,2791.5,1950,2920.5,2999
348,751,416.5,2021.5,3200,3190.5,2961.5,1289.5
349,771.5,1375.5,1947,3075.5,1147,3350,3327
350,1370.5,1477.5,1526.5,3250.5,1343.5,3379.5,3139
351,2489,2537.5,1155.5,2052,2241.5,1973,1827
352,2113.5,2657.5,3076.5,3469,3524,3637.5,3639
353,1254.5,2487.5,3137.5,3490.5,3540,3625.5,3630.5
354,589,365.5,2030.5,3242,3322,3047.5,3205
355,1523,2241,533,3054,2614.5,3301.5,3116
356,582.5,203.5,300,2247.5,1650,2787,3005.5
357,2769,1788,2165,3229,2004.5,3468.5,3390.5
358,481.5,436,1043,1884.5,1657,1991.5,2286.5
359,1212,2423,1509,3338,3337.5,2588,3337.5
360,2774,2786,2832,3382,3045,3171,3510.5
361,770.5,519,1990,3386.5,3153.5,3554.5,3587.5
362,1445,1813.5,1341.5,700.5,1500.5,3470.5,3464
363,2836.5,2826.5,1517,1735,2211.5,2334.5,3313
364,2130.5,2651,2689.5,3428.5,3417,3575,3546
365,2886.5,2869.5,2626.5,2608.5,2708,2750.5,2633.5
366,2906.5,2937,3182,3377,3616.5,3694,3655.5
367,2653,2427,3151,3569,3630.5,3781.5,3783
368,2784,2830,3070.5,3539,3642,3728.5,3646
369,1606,1156.5,2660,3119,3200.5,3679,3673
370,2715.5,1434.5,1367,3063.5,1541,3053.5,3483
371,1655.5,2125.5,1245.5,3558.5,3419,3553.5,3623.5
372,2898.5,2926.5,3030.5,3462.5,3534.5,3619.5,3646
373,444,1169.5,2336,2709.5,2461.5,2553.5,3035
374,2321.5,3025.5,2431.5,3153.5,3419.5,1811,1915.5
375,1746,2381,3259,3703,3722.5,3781.5,3887.5
376,2672.5,3159,3361.5,3763.5,3795.5,3942,3958
377,2961,2576.5,3167.5,3100,3507.5,3659.5,3839
378,3029.5,3127.5,3308,3802,3801.5,3997.5,3980.5
379,3061,2791,3376,3706,3771,3765.5,3899
380,3250,3251,3504,3804,3851.5,3899.5,3930
381,3301,3273,3576.5,3976.5,3995.5,4038,3976.5
382,3343,3309.5,3580,3923,3908.5,3863,3928.5
383,3354.5,3303.5,3638.5,4037.5,4090,4129,4054
384,3413,3378.5,3653.5,3993.5,4109.5,4120,3990.5
385,3394,3363.5,3626.5,4094,4175.5,4241.5,4186.5
386,2741,2792.5,3150.5,3854,3808,4067.5,4039
387,1572,632.5,1264,1121.5,1515,1593,2632
388,2465,950.5,1584.5,1827,1373,2219.5,1709
389,1326.5,2966,1097,1788.5,741.5,1485.5,1668
390,1737.5,3492.5,1423.5,2425,3358,1602,1345.5
391,3564.5,3585,3486.5,3004,2228,4199.5,4144
392,2754,3398,3470,4160.5,4137,4024.5,3168.5
393,2773,3109,2868.5,3953,3198,3410.5,3722
394,3700.5,3672,3832,4171.5,4190.5,4303.5,4373.5
395,3784,3716.5,3899.5,4287.5,4294.5,4093.5,4117.5
396,3793,3742,3919.5,4173,3931.5,4148,4348
397,2378,2565,1905.5,2598,1726,3026.5,4092
398,3768.5,3428.5,3981.5,4339.5,4153,3478,3321.5
399,2992,3474.5,3959.5,4518,4418,4574,4527
400,2304,2752.5,3519.5,4282,1242,4659,4573.5
401,3550,3543.5,2099.5,4672.5,4111.5,4704,4639
402,1627,2863.5,3259.5,4578.5,3042.5,4669,4648
403,3837,3971.5,1821,3381,2797,4419.5,3830.5
404,3858.5,4163,2741.5,4630.5,4594,4651.5,4740
405,4190.5,3948.5,2186,4660.5,3008.5,4851,4769
406,4160.5,4239,4436.5,4900,4822.5,4701,4790.5
407,4123,4124.5,4352.5,4853,4864,5040.5,4978
408,3949.5,4215,4496,4868,4874.5,4994,4965.5
409,4310,4308,4577.5,4928.5,4878,5027.5,5000.5
410,4393.5,4372.5,4685.5,5097,4812,5076.5,5007
411,3245.5,3319.5,3557,4023,4864.5,4445.5,5077
412,4530,4401,4740,5087.5,5032,5295.5,5279.5
413,3491.5,3241.5,4643.5,5167,4377.5,5291,5186.5
414,1031.5,1117,1005,3772.5,1265,3544.5,4286
415,4530.5,4549.5,2121,4842,5247.5,3197,3283
416,4793,4737.5,2377,4498.5,4686.5,3911,4333.5
417,3705.5,4255,4641,5353,5280,5416,5466.5
418,4069.5,4767,3229.5,5066.5,5304,5415.5,5471.5
419,4617,4460,5102,5587.5,5573,5678.5,5608
420,3690,4821.5,5208.5,5553,5512.5,5678.5,5680
421,4322.5,4843,5245.5,5700.5,5660.5,5750,5716
422,4478.5,4602.5,5056.5,5677,5637.5,5824,5830.5
423,3053,4731.5,5108,5647.5,5619.5,5747,5690
424,4724,4982.5,5208.5,5683.5,5678.5,5791.5,5735.5
425,2973.5,3084,4817,5095.5,5304,5726,5755.5
426,2251.5,2788.5,2012,5401.5,3888.5,3467.5,2197.5
427,4026.5,5091.5,5351.5,5747.5,4884,5799,5689
428,3756.5,4704.5,5414.5,5811,2530,5044.5,4209.5
429,2828.5,3274,2793.5,5429,4382.5,6063,5985
430,4282.5,3920.5,2242.5,3627,3446.5,3498.5,5065
431,5031,4521.5,1167.5,1407.5,3323.5,3544.5,3920
432,5695,5605,2368.5,5564.5,5933,4800,4347
433,5012.5,5389.5,5896.5,6385,6317.5,6404,6215
434,5162,5358.5,5734.5,6228,6163,6343.5,6252.5
435,4855,5444,5868.5,6223.5,6168.5,6301.5,6239
436,4840.5,5045.5,5695.5,6306,6220.5,6362.5,6279
437,3976.5,4270,4709.5,6243.5,6259.5,6384.5,6290.5
438,4561.5,4373.5,4702,6233.5,6075.5,5148,5647
439,5292,5110.5,5766.5,6307.5,5519.5,6402,6134
440,5685.5,5515.5,6116.5,6487,5957,6465,6515.5
441,4746.5,4005,4836,5993.5,4093,6108.5,6342.5
442,2644.5,3029.5,5606.5,6312,4746.5,6400,6128
443,3265.5,2772.5,3667.5,4482,4892.5,3991,5282.5
444,5931.5,6221,4084,6709.5,6364.5,6094.5,5445.5
445,6343.5,6302,6413,6849,6544.5,6823,6696
446,6282,5966.5,6149,6693.5,6708,6839,6728.5
447,5404,6073,6410,6843.5,6611.5,6882,6851
448,4996.5,5016.5,5101,5396.5,5680,6474,6695.5
449,4016,5987,5991,6828.5,6100,6522.5,6202.5
450,3518,5933,5373,6320,5653,6378.5,5785
451,3022,4540.5,4382,6086,5817,6387,6426
452,6227,5881,6470,6783.5,6087,6166.5,6108.5
453,4495,3911,6518.5,6626.5,6245,6130,5640
454,2060,4966.5,5841,7026,2295,7086,6872.5
455,1699.5,4841,5653.5,7167.5,5260.5,6001.5,6522.5
456,5337.5,6096.5,6230.5,7099.5,6791,7260,7116.5
457,5404.5,5864.5,6382.5,7111,6692.5,7238,7129.5
458,3344,2750.5,3489,5098.5,5540,5828.5,5496.5
459,3501,5022,4380,7056.5,5883,7171,7174
460,4056.5,4990,6350.5,6936,6775,7156.5,7157.5
461,2896.5,5000.5,6569.5,6527,6572.5,5957.5,6269.5
462,7587.5,7237,3361,7170,6668.5,7043,5274
463,7436,7144,7453,7738,7633,7599,7373.5
464,6538.5,6977.5,7351,7644.5,7590,7651,7440
465,7044,6901,6888,7097.5,7253,7083.5,7334
466,7152.5,7059,7137,7600,7017,7360,7225
467,6404.5,6118.5,6355.5,7238.5,2153,7488,7072
468,5208.5,7301.5,7534.5,7697.5,2644.5,7657,7466.5
469,3709.5,4831,7398.5,7855,5024.5,7736.5,7527.5
470,7054,7630.5,6161,7300,7847.5,8029.5,7818
471,7713.5,7639.5,7812.5,8094,7975,8084.5,7875.5
472,7553.5,7490,7693.5,8095,7940.5,8125.5,8030.5
473,6755,7151.5,7233.5,7911,7847.5,8061,8008.5
474,7724.5,7646.5,7738.5,7970,7790.5,8002.5,7942
475,7514.5,7497,7666,7996,7773.5,7986,7859.5
476,7959.5,7600,7693,8014,7524,8062,7883
477,8028.5,7946.5,7688.5,8354,7068,8147,7901.5
478,8029.5,7682.5,7714.5,7234,1227.5,7311.5,6795
479,7799,7602,7532.5,8072.5,7559,7954.5,7794
480,7804,7614.5,7708,8077.5,7847.5,8011,7787.5
481,7874.5,7681,7734.5,8227,7870,8228.5,8088.5
482,7675.5,7378.5,7846,8124.5,7567.5,8207.5,8087.5
483,7357.5,7439,7879.5,8230,6733.5,8198,8062.5
484,8387.5,7572.5,7688,8128,4560,7941.5,7905.5
485,8169,8193,8058,8483.5,6650,8303.5,7923.5
486,7922,8008.5,8155.5,8651.5,8332.5,8576.5,8473
487,8121,7984.5,8043,8651.5,7677.5,8198.5,7804
488,8289,8184.5,7919.5,8309.5,7535,7904,8127
489,3322.5,5344.5,6020.5,3982.5,3465.5,4872,5848
490,2093,5232,5011.5,5824.5,3905.5,5955,7796.5
491,1821,4624.5,3101.5,7559.5,6691,8342.5,7603.5
492,1742,6980.5,4928.5,7969,7067,7184.5,7239.5
493,6203,7765,6701,6142.5,7077.5,6321,7730
494,7089,8023,8095,8253.5,8119,8317.5,8133.5
495,7285.5,7565.5,8156,8137.5,8180,8433,8202
496,7903.5,8041,7984,8519.5,8202.5,8380,8057.5
497,8399,8257,8266.5,8516.5,8284,8432.5,8225
498,8257,8070,8251,8513,8438,8436.5,8081
499,7308,7168.5,8296.5,8534.5,7527.5,8455.5,8449.5
500,2330,6537.5,4537,8011.5,4992,8704.5,8413.5
501,6888.5,8403,8290.5,8366.5,8020,7080,5842.5
502,7687,8353,8507,8699.5,8464.5,8647,8447.5
503,8908,8630,8647,8793.5,8615,8727,8332
504,8867.5,8582.5,8661,8904,8559,8810,8563.5
505,8877.5,8496,7994.5,7535,7521.5,8317,7620.5
506,9020,8822,8697,8990.5,7102.5,8737.5,8489
507,8575,8659,8855.5,9033,6771.5,8816,8592
508,8446,8595,8396,8990.5,7920,8854.5,8600.5
509,8489.5,8032,8592,8867.5,6388,8845.5,8671.5
510,5988,8294.5,8321.5,8826,8033.5,8810,8393.5
511,1510.5,3076.5,6629.5,8510.5,8270.5,8790,8170.5
512,5992,7739.5,7698,7910,8331.5,7946.5,7929
513,8769,8595,8167,8788.5,8532,8745.5,8559.5
514,9073.5,8676.5,8791,8850,8356,8760,8373
515,9063.5,8836,8720,8913,7766,8719,8412
516,8368,8066,8320.5,8652,7491.5,7377,8274
517,8800.5,8574,8540,8244.5,7031.5,8635,8267
518,9060.5,8571.5,8405,8745.5,5820,8842,8585
519,8966.5,8556.5,8265.5,8877,5240,8801,8450
520,8910,8589,8369,8849,6283,8893.5,8796.5
521,8760,8544.5,8462,8802.5,5684,8712.5,8503
522,8911.5,8630,8492,8837,5319,8724.5,8514.5
523,8956,8672,8621.5,8877.5,7536,8746,8368.5
524,8757,8046.5,8056,8351,6991,7947,8141.5
525,2559,6053,6281.5,9017,7916.5,8561.5,8649
526,8771,8225.5,7652,7912.5,7160.5,7118,7825
527,9129,8917.5,8677,8179.5,5498,7237,7711
528,9228,8968.5,9144.5,9321,7361,9025.5,8358
529,9022,8429.5,8907.5,9306,7684.5,9094.5,8490.5
530,9153,8882,8945,9135.5,7159,9040.5,8416.5
531,9056,8765.5,8872,9134,8179,9232,8959
532,9026,8766,8720.5,9186,8041.5,9113.5,8946
533,6820.5,8677.5,8851,9133,8458.5,9077,8807
534,8131,8832.5,9002.5,9326.5,8972,9197.5,8882
535,9097,8821,8919.5,9153,8919,9155.5,8876.5
536,9267,8950,8920.5,8725.5,8775,8786.5,8577
537,8895,8778.5,8893,9040.5,8624,9000,8535.5
538,3967,4357,6407,8120.5,6635,8471.5,8535
539,2829,2701.5,3868.5,8102.5,5411.5,7305,8012
540,1871.5,4133.5,8173.5,8671.5,5092.5,8569,8420.5
541,7391.5,8569.5,8575.5,8794.5,8497.5,8498,8317.5
542,9021,8687.5,8523.5,8775.5,8623,8601.5,8383.5
543,8968.5,8635.5,8121,8678,8462,8415.5,8051
544,9097,8791.5,8590.5,8194,8114,6862,5891
545,8937,8537.5,8095.5,8227.5,5995,7708.5,7272
546,8639.5,8063.5,5833.5,6945,6027.5,7546.5,6625.5
547,6952,7493.5,6789,7283.5,6533.5,7128.5,7273
548,7841.5,8106.5,7252,6437.5,6560,7936,6113
549,8154,8180.5,7911.5,8143.5,8060.5,8181.5,7852.5
550,8984,8700.5,8439,8241,5772.5,7203.5,4754.5
551,9019,8670.5,8637.5,7449,7588,7562,7232.5
552,9066,8751.5,8651.5,8712.5,8305.5,8363.5,8202
553,9101.5,8861,8770,8979,8639,8514.5,8108
554,9031,8728.5,8806.5,8759.5,8330,7607.5,6795
555,9011.5,8628.5,5674,4740,2726.5,3982.5,6670
556,9007,8725,7487.5,2509,1728,3605.5,6273.5
557,9009.5,8707.5,8816,7826.5,7852.5,6071,7919
558,9024,8712,8721,8697,8353,5677.5,7794
559,8969.5,8633,8619,7620,8006.5,6817,7200.5
560,7565.5,8520,8479,8485,8387,8304.5,8013
561,8826.5,8584.5,8753.5,8802,8697.5,7573,7164.5
562,9084,8672.5,8735.5,8857.5,8627.5,7811,7545.5
563,8994,8690,8578.5,8580,8340.5,7942.5,7814.5
564,8696,8396,8228,8193,7721,6371,5614
565,8723,8213,7904,6360.5,4914.5,5106,5815
566,8660.5,8123,6920,4730,2597,4527.5,4000.5
567,8431.5,6244.5,4765,6417,7304,7692,7771
568,6489.5,5859.5,6104.5,8034.5,7840,6241.5,7810.5
569,7674.5,8007.5,7455.5,8205.5,8050.5,7809,7721
570,8128.5,7939,6606.5,8183.5,8068.5,7029,5176
571,8116.5,8144.5,6817,3291,3796,4609.5,6450.5
572,8250,8108.5,6550.5,6642.5,7817.5,6278,7789.5
573,8421.5,8122.5,7339,7953.5,6352.5,8101,7855.5
574,8034.5,7906.5,7572.5,8406,8197,8322,8062
575,7653.5,8114,7488.5,8252.5,7366,8170,7990
576,7985,8068.5,8054.5,8433,6684.5,8016,6924.5
577,8497.5,8337,7750,8480,7097.5,8415,7985
578,8499,8182.5,8100.5,8308.5,6979,7377,7046.5
579,7427,8095.5,7913.5,7973.5,7335.5,8219.5,7834
580,8248.5,7982.5,8097,8322.5,7072,8129.5,7804
581,8361,8064,7841,8367.5,7740.5,6609,6217.5
582,8114.5,6914.5,7932.5,8288,7981,8196.5,7501.5
583,8120.5,7833.5,8025.5,8312.5,7524,7522,7568
584,7259,7799.5,8002.5,8353,8128.5,7980,8066.5
585,7242.5,7697,8015,8334.5,7460.5,8222,8043
586,7779.5,7613.5,7862,8225.5,7304,8368.5,8287.5
587,7925,7718,7941,8243.5,7584,8203,8146
588,6882,7691.5,7933,8192,7730.5,8231,8111
589,7948.5,7804.5,8010,8197,7603,8203,7990
590,7922.5,7834.5,7921,8201,7907,7931.5,7324
591,7844.5,7661.5,7968,7836.5,7680,7538.5,7070
592,7673.5,7430,7315.5,7706,7511.5,7621.5,7287
593,7475.5,6392.5,7296,7725.5,7615.5,7600.5,7376
594,7480.5,6707.5,5128,5276,7381,7290.5,6296.5
595,5074,4930.5,6230,5256.5,6214,5106.5,5340.5
596,5014,6598.5,7315,7361,7015,6921.5,7216.5
597,5727.5,7214.5,6975,7413,7394.5,7235.5,6934
598,6074,7248,7598.5,7395.5,7350.5,5476,5374.5
599,7404,7181,7528.5,7579.5,7560.5,6389.5,6456
600,6527.5,6940.5,7387,7632,7635,3628,4966
601,4149,6973.5,7264,7484,7564,4039.5,3047
602,7375.5,7167.5,7343,4816.5,6973.5,3180,6479.5
603,7337,7158,6784,7061.5,5678,7129,6970.5
604,7213,7083,7193,7023.5,7146.5,6526.5,5803
605,7160.5,7076,7213.5,7011,7013.5,4758.5,5328.5
606,7179.5,7053,6831.5,5863,6726.5,4448.5,3206
607,7218.5,6936,6102,5121.5,6226,4640,5538.5
608,4472.5,5203.5,6093,6570.5,6068.5,6458.5,6819.5
609,6808,3095.5,6621.5,6459.5,6324.5,6131,6178.5
610,6993,6929,5610,5641.5,6777.5,6832,6378.5
611,6978,6819,6746,6312.5,6886,4121,4220.5
612,6898.5,6837.5,6834,6125.5,6843.5,6006,6093
613,6926.5,6915.5,6894.5,6741,6774.5,4872.5,6292.5
614,6925.5,6736,6973,6638,6740,3373,4311.5
615,6770,6650,6526,6419,6743.5,5368.5,6085
616,6640.5,6483,6024,6237.5,6241.5,3788.5,4980.5
617,6591,6309,6154,6065,6008.5,4596,5636.5
618,6029,4901,5516.5,5416.5,6052.5,6707,6539.5
619,5416.5,6195,6258,6631.5,6607.5,6620.5,6478.5
620,6084,6093.5,6253.5,6593,6595,6668.5,6470.5
621,6268,6298,6220.5,6530,6532,6544.5,6438.5
622,6456.5,6332.5,6437.5,6626,6542.5,6473.5,6297.5
623,6391,6287.5,6501,6655.5,6617.5,6570.5,6528.5
624,3123.5,6144.5,6458.5,6845.5,6161,6866.5,6511.5
625,6405.5,6347,6486.5,6722,6374.5,6847.5,6799
626,6308.5,6284,6456,6624,6459.5,6690,6558.5
627,5402.5,5826,6288.5,6558.5,2017,6619.5,6485
628,1444.5,1098.5,4697.5,6518,5191.5,6738,6362.5
629,4443,5461,6132.5,6542,6437.5,6650,6506.5
630,5891.5,5898.5,6256.5,6525.5,6424.5,6551.5,6457.5
631,3040.5,5748,6042,6450.5,6349,6433,6274
632,4462,5875,6127,6417,5551.5,6456.5,6312
633,5874,5897,6058,6388,6283.5,6410,6187
634,5766.5,5742,6144,6399,6349,6493,6427
635,4019,5594.5,6035,6307.5,6270.5,6419.5,6314
636,2047.5,3365,5799.5,6284.5,6219.5,6344,6104.5
637,2733,4426.5,5819.5,6278.5,6155.5,6325.5,6168.5
638,5212.5,5471,5294.5,5960.5,5922.5,6258.5,6069.5
639,5485.5,5488.5,5430,5962,4554,6096.5,6048.5
640,5574,5581,5801.5,5977.5,5494,6089.5,5946
641,5584,5593,5767,6056,5961.5,6073,6005.5
642,5454,5524.5,5766,6078.5,6066,6132.5,6077.5
643,5247.5,4550,5592,6028.5,5964.5,6109.5,6037.5
644,3997.5,4957,5141,4851.5,5451,4664.5,4289.5
645,4196,4622,5211,5677.5,5501,5837,5772.5
646,4963,4963,1544.5,1779.5,1595.5,3094.5,3791.5
647,4758,4929.5,4975.5,5435,5017.5,5563,5566.5
648,4247,4928.5,5189,5460,5378.5,5578,5528.5
649,4144.5,4813,5159.5,5501.5,5392,5575,5490.5
650,4887,4879.5,5039,5474.5,4315.5,5567.5,5459
651,4886,4887.5,5108,5405,5374.5,5511.5,5454.5
652,4973,4982.5,5105,5422,5407,5488.5,5407
653,3931.5,4551,5036,5449.5,5384.5,5550,5463
654,4703.5,4734,4971.5,5296,5257.5,5469.5,5415.5
655,4745.5,4723.5,5034,5346,5245.5,5428,5405.5
656,4611.5,4656,4973,5288.5,5254,5371,5278
657,4532,4583.5,4799,5274.5,5097,5374,5343
658,4489,4481,4819,5160,4942,5262,5153
659,4429.5,4425,4702,5030,4663,5101.5,5045.5
660,4405.5,4400.5,4600.5,4905,3821,4342,4614
661,4329.5,4316,4529,4924.5,3775,4989.5,4901
662,4278,4256,4432,4848,3917,4989.5,4967
663,4277.5,4254,4536.5,4782,4037.5,4484,4373
664,4135,4193.5,4415.5,4758,3907.5,4833.5,4754.5
665,978,3465.5,1692,4415.5,3900.5,4753.5,4676.5
666,1185.5,2874,3276.5,4413.5,4033.5,4642,3345.5
667,3665.5,3950,4323,4728.5,4646,4781.5,4726.5
668,3924.5,3997,4263.5,4642.5,4675.5,4789.5,4768
669,3962.5,3986.5,4326.5,4607.5,4605.5,4741.5,4711.5
670,1672,3264,4228.5,4595.5,4547.5,4653.5,4576.5
671,2412,2892.5,3969,4469.5,4283.5,4608,4595
672,3800,3920,3692.5,4180.5,3484.5,3860.5,3878.5
673,3298,3553,4124,4526,4522,4642.5,4565.5
674,2364,3290.5,3933.5,4327,4423.5,4536.5,4523
675,3144.5,3179.5,2964.5,3576.5,3703,3924.5,4493.5
676,3415.5,3607.5,3966.5,4277.5,4282.5,4437,4298
677,3498,3442.5,3890.5,3841.5,4304,4392,4213.5
678,3409,3562.5,3897.5,3969.5,3768,3040,3575
679,2684,2560.5,3492,4156,4051,4216.5,4133
680,2311.5,1865.5,774.5,2050,1759.5,2817.5,3515.5
681,3363.5,3336.5,3744.5,4081,4096.5,4079.5,3962
682,3243.5,2217.5,3574,4086,4099,4110,4023.5
683,3161,3435.5,3559,3953.5,1881.5,4081.5,3801
684,2668.5,3276,3498,3724.5,1756.5,3988,4002.5
685,3096.5,3246.5,3592.5,3841,3713.5,3922,3622
686,1587,2071.5,2894.5,3160.5,3292,3905.5,3875.5
687,873.5,1367,2944.5,2560,2685.5,2434,3209.5
688,253.5,551.5,3070.5,3534.5,1393,3480,3140
689,3270,3113,747,659.5,1597.5,1200,1517
690,3323.5,3246.5,1197.5,1209.5,1537,607.5,648
691,3242.5,3167.5,2148,1205.5,2325,1615.5,1486.5
692,3181,3157,3313.5,3460,3658.5,2850.5,3733
693,3029.5,3113,3401,3716.5,3767.5,3802,3738
694,2046,2344,2665.5,3334.5,3168.5,2940,3330
695,1785,2508,3174,2932,3259.5,2576,2991
696,2806,2859,2645,2383,2692.5,3575,3714
697,2870.5,2943.5,3195.5,1273,981.5,3202.5,3479
698,2811,2821.5,3243,3275,3478,3634,3409
699,1968.5,2929.5,3274,3625.5,3466.5,2806.5,2906
700,1576,2301,3237,3108.5,2743.5,2657.5,3085.5
701,2870.5,1936,172.5,3392,2490.5,3484.5,3452.5
702,2922.5,3060.5,3272,3641,3701,3472.5,3293
703,2889.5,2979,3262,3594,3520,3573.5,3572
704,1219.5,1449,2962.5,3474.5,2531.5,3612,3632.5
705,1591.5,2962,2604,2652.5,1200.5,3561,3537.5
706,2938.5,2944,2951,3018,2850,3078.5,3503.5
707,2861.5,2987,3251,3639.5,3602.5,3766.5,3789.5
708,2381.5,2830,3222.5,3555,3499.5,3455.5,3638
709,2774.5,2858,3167.5,3496.5,3542.5,3370,2662.5
710,2665,2869.5,3166,3401,3438.5,1843.5,2746
711,2696,2773.5,3132.5,3457,3473.5,3599.5,3539
712,2685.5,2684,3115,3447.5,3530,3601.5,3610.5
713,2661.5,2813,3122.5,3329,3206.5,3286.5,3403.5
714,2658.5,2832.5,2575,2775,2563.5,3002.5,3429
715,1852.5,1863.5,2161,2311,2883.5,2566.5,2793.5
716,2140.5,1569.5,2021,1910,1705.5,2029,2356
717,2737.5,2612,572.5,1831.5,524.5,3051.5,2216.5
718,2141.5,2562,2406.5,3321,3342.5,3380.5,3303
719,2600.5,2745,3045,3342,2847.5,3482,3494
720,2582.5,2715.5,2996.5,3319.5,3355.5,3466,3463.5
721,2597,2739,3019,3315,3390.5,3468.5,3521
722,2784,2871,3102,3277,3393.5,3446.5,3457
723,2735,2850,3161.5,3500.5,3603,3658,3652
724,2720,2869.5,3211,3516.5,3560.5,3616.5,3572
725,1729,1862,2914.5,3401,3463.5,3575.5,3547.5
726,2732,2893,3184.5,3436,3454.5,2894,2306
727,2261,2850.5,3148,3518,3609.5,3633.5,3540
728,2005.5,2367.5,3116,3361.5,3519.5,3626,3661.5
729,2466.5,2468,2484,3357,3491.5,3586.5,3594
730,2653,2682,3086,3343,3483.5,3555,3569
731,2560,2666.5,3113.5,3356,3414,3574,3605.5
732,2660.5,2794,2557,3095,2891,3525.5,3512.5
733,2905,2970.5,3205,3377.5,2996.5,3432,2975
734,2855.5,2978.5,3215,3594.5,3710.5,3781.5,3797
735,1421,1710,2636.5,3364.5,3517,3781,3823
736,1541,2395.5,2186,2479,2237,2175.5,2917.5
737,2017.5,1659,2915,3460,3225.5,3473.5,3572
738,1418,2752,2565.5,3047,2487.5,2877.5,3626
739,2025,2240.5,3113.5,3489,3380.5,3628,3662
740,771,1137,2201.5,3331,3456.5,3691.5,3650
741,2808,2999.5,2081.5,2915,2508.5,2838,3425
742,2925,3152.5,3458.5,3732.5,3818,3891.5,3912
743,3050.5,3167,3433,3772,3839.5,3858,3821
744,3149.5,3199.5,3482.5,3798.5,3852,3929.5,3915
745,3180.5,3324,3590,3820.5,3831,4030.5,3943.5
746,3123,3296.5,3540.5,3889.5,3930,4037,4032.5
747,3166,3336,3592,3818,3824,3973,3865.5
748,2959.5,3352,3410.5,3351,3044,3283,3004.5
749,3263.5,3308,3620,3890,3905.5,4009,3950.5
750,3321,2998.5,3009,3006.5,2451.5,2678,3326.5
751,3180.5,3338.5,3653.5,3713.5,3817,3639.5,3977.5
752,3348.5,3397,1645.5,3890.5,3601,3817,4000.5
753,3234.5,3326.5,2707.5,2828.5,2310,2569,2155.5
754,3305.5,3273,3326,3686,3717,2678.5,3487.5
755,3400.5,2381.5,2610,2622,2528.5,3276.5,3731.5
756,1869.5,2098.5,3087,3836.5,3720,4188,4110
757,1917.5,2097.5,3286,3687,3438.5,4170.5,4089.5
758,618.5,485.5,3118,3414,3803,3753,4110.5
759,2559,2681.5,753.5,2874,1586.5,3103,3517.5
760,3626,3738,3234.5,3626.5,3419,3087.5,3087
761,3750.5,3839.5,4086,4440,4435,4523,4424
762,1551.5,1127,944.5,2522,2741.5,3187.5,4267
763,1956,3785,4057.5,4349,4356.5,4273,4126.5
764,3452.5,2684,3137.5,3705.5,3424,3655,4208.5
765,3598,2892,4075.5,4497,4481.5,4598,3791
766,1531,1800.5,1080.5,2594.5,1331.5,3507.5,3395.5
767,1207,794.5,1772,4206,2814.5,3819.5,3795
768,598.5,871,982,4373.5,3691.5,4228,4389
769,741,847,2602,4495.5,2738,4670.5,4614
770,3684.5,2168.5,3600,4601,4669,4651,4616.5
771,2804,2112.5,1709,4639.5,4238.5,4786.5,4790.5
772,2735,2915,4059,4247.5,4440.5,4800.5,4786.5
773,1027,2954.5,4427.5,4820.5,4604.5,4537,4559.5
774,1552.5,2645,3834,4933.5,5005.5,4956,4866.5
775,591.5,1649.5,2209.5,3676,3818.5,4169.5,4456
776,4307.5,4474.5,4704,4893.5,4617,3227,3039
777,3413,3792,4209,5060,4941.5,4977.5,5078
778,3053.5,3071.5,2891.5,3853,3681,4378.5,4646.5
779,4495,4537,4779.5,5200.5,4674.5,5144,4769.5
780,4426.5,3767,3975.5,4604.5,5034.5,4808.5,4966
781,4294.5,4573.5,4904.5,5266.5,5119,5142.5,4618
782,4733,4660.5,4787,5131,4623,4352.5,4292
783,4749.5,4750.5,5049,5359,5222,5461,5288.5
784,4630.5,4785.5,5105.5,5432,5341.5,5423.5,4819.5
785,4526.5,4380.5,4998,5375,4870.5,4994.5,4036.5
786,1918,1856.5,2205,4001.5,3002.5,4845,4473.5
787,1341.5,3893,4281,5429,4778.5,5244,4948.5
788,2572,1639,1429.5,2327,946.5,2443,4395
789,3863.5,2687.5,2532,3892.5,2247,3350.5,2654.5
790,1299,1408.5,1879.5,4007,2628,3963.5,4500
791,1210.5,1535.5,3995.5,4866.5,4702,4666.5,5346
792,2612.5,2849,3904,4450.5,4795.5,4562.5,4692
793,1790,2992,3863,5296.5,5337.5,5615.5,5613.5
794,1588.5,4802.5,3924.5,5039.5,5112.5,5726,4836.5
795,5008,5087.5,4182,5271.5,5132.5,5589.5,5510.5
796,4334,4663.5,5396.5,6150,6027,6242,6146.5
797,655,2597.5,2986,5778.5,5878.5,6074.5,6146.5
798,3544,5506.5,4523,5921,5739,6253.5,6208
799,5839.5,5796,5797.5,5751.5,4709,4807,5356.5
800,5849.5,5836,5777,6184,6139,6302.5,6189
801,5846,5841,6006,6203,6125,4298.5,4875.5
802,5443.5,5289,5611,6386.5,6084,6463.5,6288.5
803,5891,5858,6057,6367.5,6391.5,6453,6440
804,5617,5802,6163.5,6501.5,6408.5,6563,6493.5
805,6136,6007,6203,6027.5,6515,5848,6462
806,6091,6064.5,6196.5,6729,6301.5,6430,6118.5
807,5731,5910.5,6306.5,6724,6582.5,6861,6763
808,6143.5,5706.5,5555,5796,5642,5443.5,5576
809,6092.5,5742,5831,6277.5,4832.5,6569,6298
810,6254.5,6011,6263.5,6523.5,5162.5,6596,6477.5
811,6283,6268,6361.5,6399.5,4872,5463.5,6028.5
812,6309,6268.5,6460.5,6598,4398.5,5734.5,5758
813,2010.5,2883.5,5497.5,6755,3729.5,6823,6666
814,2728.5,3519.5,2522.5,6490.5,6333,6263,5918
815,2465.5,2971,5520,4828,6365,6847,6597.5
816,3266.5,3642,5987.5,6497.5,6267,6592,6605.5
817,1536,1755.5,5087.5,6181,5841,5852.5,6766
818,4767,5448.5,5858.5,7111,7113,7338.5,6650
819,2013.5,2009.5,4240.5,6943,6807.5,7172,7098.5
820,5059,3049,5971.5,6803,6682,6510,6021
821,5671,6712.5,4784.5,6591.5,6608.5,4627.5,6746.5
822,3825.5,5297.5,5417,7009,6994.5,7329,7245
823,2145.5,3404.5,5847,5978.5,6044.5,4885,6168.5
824,5453.5,6750,6556,7277.5,7090.5,7360.5,7230.5
825,6919,6668.5,6988.5,7318.5,7243.5,7435.5,7338.5
826,6944,6874,7071,7384,7292,7492,7421
827,6383.5,6292.5,6079.5,7059,7318.5,7212.5,7415.5
828,6737,6779,6855.5,6964.5,7125,6104.5,6684.5
829,7215.5,7214.5,6879,7360.5,6356.5,7114.5,6792.5
830,6771.5,5724.5,6010.5,7055.5,7414,6171,7125.5
831,7174.5,7117.5,6966,7374,6354,7622,7172.5
832,7562.5,7154,7307.5,7604.5,6415,7603,7400.5
833,7087.5,6983.5,7362,7870.5,7622.5,7952,7912.5
834,6639,7231.5,7233,7601.5,7533.5,7647.5,7789
835,6867.5,6616.5,7390,7788,7389.5,7814.5,7655
836,6400,7218,5851.5,6705.5,5684.5,6770.5,7007.5
837,7354,6864,7054.5,6448,5873,4678.5,3811.5
838,7256,7215,6758,7529,6970,7340.5,6629.5
839,7255,7269,7498,7748,7560,7566,7397.5
840,3525.5,4611.5,5540.5,7736.5,7452,7732.5,7601
841,5626.5,7334.5,6751,7921,7020,6732.5,6273.5
842,7449,7558.5,7671.5,8027.5,7670,7755,7458.5
843,4493,5889,7627,8068,7807.5,8128.5,7901.5
844,2683.5,2648.5,2274,6863.5,5361.5,7310.5,7533
845,6098.5,5650.5,5097,8141.5,7914.5,8159.5,7929.5
846,3470,5540.5,7789.5,8073,7518.5,7890.5,7775.5
847,7934.5,7742,7913,8167,8087.5,8122,7965
848,8045.5,7748,8002,8343.5,8226.5,8273,8181
849,8205,7785,8054,8468.5,8139,8411,8276.5
850,7171.5,7437,7757.5,8513,8143,8511,8208.5
851,7813,6958,8158.5,8304.5,8157.5,8412,8278
852,7634.5,7846.5,7800,8334,8025.5,8409.5,8237.5
853,6902.5,6393,8006.5,8064,8206.5,8464.5,8066
854,3879.5,5818,6791,6972.5,7352.5,7514.5,7655
855,8302,8096.5,3612,8315.5,6629,8386,5524
856,7906,7751.5,7840,8282.5,7334,7560.5,7185.5
857,3748.5,5373,7061.5,8182.5,7467.5,8144.5,7928.5
858,5233,8073,7122,7526.5,7942.5,7997,7784
859,6283,8331.5,8353.5,8490,8234,8427,8195
860,8638.5,8375,8607.5,8750.5,8599.5,8668,8470
861,8333.5,8262.5,8479,8680.5,8536.5,8636,8557
862,8435.5,8351,8441,8612.5,8468,8588.5,8544.5
863,8527,8309.5,8425,8774.5,8575.5,8732,8559
864,6957,7343.5,8336,8827.5,8634.5,8740.5,8403.5
865,8166.5,7969.5,7868.5,8259.5,8303.5,8176,8356.5
866,8313.5,6974,8238.5,8638,8353.5,8580,8363.5
867,6928.5,7745,8481.5,8671,8333.5,7643,8152.5
868,4269,6723,8412,8780,7937.5,8772.5,8542.5
869,6668.5,6392,5263,8673,8414,8566.5,8464
870,8047.5,8322.5,5187,7106,7403,8603.5,8617.5
871,8440,8249,6970,7249,4315.5,4817,7557
872,7829.5,7815.5,8228.5,8265,7366,7175,6822
873,8529,8028.5,7893.5,8055,2929.5,8185.5,6852
874,8420,8193,8325,8514.5,7216,8430.5,8223.5
875,8849.5,8577,8754,8634.5,8330,8527.5,8320.5
876,8339,8686.5,8888,8873,8509.5,8577.5,8261.5
877,9140,8871.5,8640,8440,8349.5,6363.5,6701
878,8950,8718,8266.5,8858,7992.5,8403.5,8508.5
879,8991,7921.5,8786.5,9077,8749,8879,8644.5
880,9015,8617.5,8901,9080.5,8744,9029.5,8653.5
881,8927,8706,8837,9230,8789.5,9130.5,8781
882,9082,8719.5,8891.5,8917.5,8782,7560,8187
883,8991.5,8741,8918.5,9276.5,8962,9281.5,7458.5
884,9069,8819.5,8806.5,9241,8903.5,8688,8894.5
885,9179.5,8643,8661.5,9076.5,8687.5,9127,9040.5
886,9057,8599,8658,9080,7889,8931,8817.5
887,9040,8751.5,8571,8919,6916.5,8949.5,8869
888,9001.5,8811,8713.5,8833.5,7963,8786,8640.5
889,9149,8801.5,8648.5,8828,7499,8765.5,8449.5
890,9060.5,8731,8455.5,8741,7177.5,8905,8699
891,9003,8672,8473.5,8715,7799.5,8902.5,8624
892,8984,8714.5,8747.5,9018,8666.5,8988.5,8635
893,9203,8899,9076,9212.5,8776,9136,8712
894,6805.5,7231,8811,9092.5,8802,9078,8857.5
895,8379.5,7971,8417,8888,8552,8381.5,7415.5
896,8799,8461.5,8626,8823,8185.5,8932.5,8561.5
897,9295.5,8960,8847.5,8982.5,8488,8896.5,8597.5
898,9224,9021,8937.5,9137.5,8642.5,8981,8813.5
899,8816.5,8786,8993.5,9143,8732.5,9045.5,8789
900,9120,8634.5,8299,9070,8653.5,8806.5,8520.5
901,9107,8818.5,7537.5,8924.5,8552.5,8466.5,8316.5
902,8546,8787,8932.5,9129.5,8680.5,9004.5,8726.5
903,8495.5,8602.5,8728.5,8991,8416.5,8884.5,8619
904,8582.5,8615.5,8717,8934.5,7727,8918.5,8522
905,4443,6284,8708,8878.5,6972.5,8785,8500.5
906,3318,8252.5,8099.5,6385.5,6664,6593,7630.5
907,6288,8154.5,8603.5,8890,8507.5,8795,8465
908,9044.5,8779,8827.5,8841,7538,8704.5,8413
909,9092.5,8817,8807,8890,8419,8656.5,8380
910,9142,8562.5,8729,8849,6808,8637.5,8433
911,8468.5,8321.5,8730,8851,6720.5,8674,8465
912,8867.5,8536.5,8821.5,8813.5,8120,8676,8418.5
913,8957.5,8715.5,8718,8937.5,8676,8560,8202
914,9064,8963,8812.5,7473.5,8268,6942,6470.5
915,9221,8907.5,8697.5,7232.5,8176.5,7276.5,7817
916,9134,8693,6479,8352.5,8313.5,8382,8091
917,7388.5,6159.5,3728.5,8564.5,8354,8371,8191
918,4819,6676.5,8407.5,8608,8034.5,8393,8023.5
919,8012,8525.5,8578,8601.5,8339.5,6335,7366.5
920,8743.5,8307.5,8356,8250,7575,8114,8269.5
921,6418.5,8486.5,8466.5,8916.5,8584.5,8652.5,7971.5
922,8488,8417,8500,8525,8025,7192.5,7829
923,8657.5,8199,8147,8345,8091,7018,7960.5
924,8661,7798,5199,4647,3471.5,5755.5,7150
925,5990,7291,6969,8258,6967.5,8390.5,8168
926,7176.5,6788,7912,8553.5,7388,8467,8333.5
927,7603.5,7759,8218,8583,8008.5,8593.5,8351
928,8385,8114,8016.5,7944,7508.5,7658,7942.5
929,8196.5,7738.5,6616,4687,4019,5789.5,6993
930,8093,3983.5,7276.5,8213,5774,8366.5,8319
931,4674,7631.5,8218.5,8534.5,7813.5,8732.5,8548.5
932,6320.5,7176.5,8063.5,8613.5,8427.5,8646,8405
933,8592.5,8313,8569,8657.5,8446,8520,8115.5
934,8896,8500,8558.5,8674.5,8458.5,8226.5,7001
935,8863,8607.5,7848.5,7941,7574.5,6389.5,7454
936,8692,8343.5,8097,7825.5,7754,7817,7765
937,5408.5,5758,7436.5,6199.5,4790.5,5485,5940.5
938,7677,6958.5,3947,6219.5,7096.5,6434.5,7338
939,8204,7856.5,6635.5,7595.5,7256.5,6149.5,7863.5
940,8044,7663,4049.5,7677.5,7382.5,7905,7815.5
941,7975.5,8006.5,7049.5,8019,7853,6800.5,6570.5
942,7577,8138,6779,8082,7888,7068,7375
943,7601,7992,6895,4377,5734,2920,2927.5
944,6613,6429.5,3190.5,3138.5,2657,3026.5,5236.5
945,4086.5,3399,3004.5,7600.5,7989,6710,7144
946,1897,1510.5,7549.5,8424,8356.5,8441,8333.5
947,5311,6638.5,6949.5,8246.5,7835,8455,8291
948,7470,7010,7571,8134,7167,8266.5,8059
949,7158.5,7387,7557.5,8177.5,7387,8182.5,7802.5
950,7947,7731.5,7705.5,8126.5,7816.5,7957.5,7637.5
951,6874,7228.5,7893,7913.5,7771,7735.5,7531.5
952,5100.5,7703,7137.5,6813.5,7337.5,5019.5,6752
953,6963.5,7027.5,7270.5,6371.5,7628.5,5438.5,5399
954,6480.5,7485.5,7789,7962,7405.5,7437.5,6868.5
955,6725,7633.5,7666.5,8145.5,7909,7803,7513.5
956,7793.5,7687,7904.5,8002,7693,7782,7513
957,7921,7775.5,7926.5,8177.5,7816.5,7921,7342.5
958,7978,7732,7829.5,7995,7708,7704.5,7405.5
959,7655.5,7559,7376,7754.5,7713.5,5400.5,5131.5
960,7320.5,7340.5,7131.5,7711.5,6330,7732,7521.5
961,7311,7144,7232.5,7259,7154.5,3896.5,5193.5
962,7315,7234,7278,7371.5,7316.5,4691,4695.5
963,7305.5,7310,7368,7586,7344.5,7440.5,7407
964,7466,7365,7500,7755.5,7525,7780.5,7553
965,7338,7199.5,7387,7688.5,7437,7544.5,7453
966,5598,6998,6589,7352.5,6263.5,6463.5,5651.5
967,7367,7123,7302.5,7630,7331,5333,7156
968,7289,7072,7228.5,7664.5,7327,7338.5,7349.5
969,6803,7097.5,7374,7614,7367,7588,7498
970,5517.5,4614.5,6630,7642,7457,7548,7432
971,6635.5,6903.5,6014,7302.5,7230.5,7494,7349
972,7093.5,6876,7226,7472,7215.5,7542,7306.5
973,7188,6965.5,7148,7330.5,7130,7505,7369
974,7071,6922,7156.5,7440,7225,7510,7385
975,7330.5,6922,7073,7341,6948.5,7461,7178.5
976,7126.5,6940.5,6984.5,7283.5,5971,7337,7000.5
977,7026.5,6740.5,7021.5,7285.5,7183,6440,6560.5
978,6908.5,6791,7067.5,6797,6822.5,6809.5,6415.5
979,6869.5,6776.5,6514.5,5278.5,6512.5,4916.5,4906.5
980,6945.5,6795,3902.5,3598.5,3690.5,4832.5,5637
981,6636.5,6349,6842.5,7226.5,6962.5,5363.5,4269.5
982,6505,6396,6793.5,7040,6860,6833,6629
983,6480.5,6496,6668,6928.5,6773.5,6827.5,6590.5
984,6534.5,6401.5,6559,6830.5,6435,6853,6665.5
985,5312.5,6077.5,6214,6666,6370.5,6680.5,6412
986,5777,6259,6170,6420,6349,5855.5,6505
987,5428.5,6088,6251,6519,6385.5,6505,6355
988,5823,6136.5,6211.5,5968,6033,5834,4102
989,5868,6049,6227.5,6372,6297,6365,5021.5
990,2840.5,5094,6222,6604,6401,6592,6053
991,5497,4991,5372,6418,5337,6671,6441
992,5778.5,5279.5,5714.5,5966.5,4122,6273,5727
993,3709.5,3007.5,5873,6345.5,5606.5,6572,6571.5
994,5207.5,5580.5,6149.5,6491.5,6388,6555,6422.5
995,5490.5,5604.5,6126.5,6541.5,6486,6524.5,6302
996,5552.5,5683,6242.5,6361.5,6194.5,6360,6284.5
997,2501.5,4363.5,5885.5,6032,5939,6093.5,5913.5
998,3398,5189.5,4799,6141,6112,5798,4499
999,4097,5549.5,3140.5,6175.5,6056.5,6392.5,4744
1000,2316,1799.5,2898.5,5959,5652.5,6202.5,6190.5
1001,5431,5387,5735.5,6036.5,5923,6091,6108.5
1002,4937,5367,5662.5,6008.5,5918,6114.5,6070.5
1003,5660,5690,5729.5,5988.5,5828.5,6031,5914.5
1004,5559,5538.5,5715.5,6148.5,6082,6253.5,6151
1005,5486.5,5469,5736.5,5980.5,5759.5,5715,6028.5
1006,5438.5,5462.5,5507.5,5863.5,5752.5,5496,5871.5
1007,5285,5362,5594,5861,5751,5927.5,5896.5
1008,5350,5321,5537,5778,5740,4592,4726
1009,5226,5205,5408,5275,5668.5,3006.5,1225
1010,5216,5212.5,5282,5480.5,5497,5500,1732
1011,4929,5014,5389,5542,5224.5,5527.5,5418
1012,4913.5,4892,5197,5388,5055.5,5571,5425
1013,4830.5,4863.5,4961,5464,5077,5456,5330.5
1014,5014.5,5106,5259,5513,4979.5,5577,5431
1015,4462.5,4846.5,5184,5520.5,5402.5,5622,5584
1016,2009,3186.5,4888.5,5408,3995,5524.5,5478.5
1017,2856,2439.5,3777,5311.5,4551.5,5096.5,4438.5
1018,3703,3607.5,4019.5,5262,5104.5,5229.5,4813.5
1019,3118.5,3448,4201.5,4854,3662.5,4763,4886
1020,4524.5,4489.5,4816.5,4861,5065.5,4940,4868.5
1021,4475,4487,4751,4992,4915.5,5078.5,4962
1022,1561,2564.5,4655.5,4927.5,3973,4968.5,4812.5
1023,3807,4079.5,4710,4973,4862,5080.5,4923.5
1024,2758.5,3420.5,4284.5,4827.5,4747,5060.5,4828.5
1025,1524,3104.5,4495,4997.5,4990,5028,4914
1026,4225,4273,4666,4894,4927,4976.5,4896
1027,1271.5,3178.5,4496,4781.5,4571.5,4201.5,4662.5
1028,3797,4246.5,4544.5,4868.5,4777,3801,3603
1029,3008,3809,4420.5,4798,4811,4926.5,4853
1030,3434.5,4074.5,4413.5,4724.5,4648.5,4881,4860
1031,3356.5,3614,4382,4732,4688.5,4808.5,4770.5
1032,3366,2797.5,3677.5,4148.5,4240,3911.5,4110.5
1033,689.5,540,3755.5,3989,1570.5,4449.5,4484
1034,1734,3743.5,1505,3710.5,3996,4464.5,3951.5
1035,3881,3975,3699,4451.5,4471,4587,4581.5
1036,3491.5,3504,4031.5,4591,4586,4663,4562
1037,3117.5,3392.5,3861,4470.5,4487.5,4632.5,4613.5
1038,3365,3731,4031.5,4349,4407,4550.5,4521.5
1039,3608.5,3624,3971.5,4346,4397.5,4481,4531.5
1040,3558,3636.5,3983.5,4329.5,4340,4423,4312.5
1041,3435,3516,3595.5,4182,4278,4341.5,4312.5
1042,3119,3575,3888,4106,4180.5,4267.5,4182
1043,3661.5,3618.5,3897.5,4198,3426.5,4336,4259
1044,2656,2271,2658,3690,1610.5,3856,4184.5
1045,1354,2444,2229.5,3986,3137,4104,4078.5
1046,1105,786,1478,3351.5,2948.5,3418.5,3531
1047,1039.5,2053,3498.5,3494,3518.5,2734,2970.5
1048,2280,2234,3184.5,3888.5,3133.5,4031,4007.5
1049,2633.5,2703,2887.5,4123.5,4051,4222.5,4132.5
1050,3358,3363,3739.5,4018,3793,4083,4035
1051,1972.5,2176.5,2434.5,3431,2903,3946.5,3928.5
1052,1009,686.5,1496,3488,3826,3687.5,3900
1053,817,942.5,1995,3298,3059,3815.5,4023.5
1054,1435.5,1356.5,2569.5,3760.5,3759.5,3689.5,3615
1055,562.5,1301,1992.5,2965.5,3532.5,3347.5,3590.5
1056,1804.5,1774,1681,3828,3462.5,3795,3798
1057,2957,3082.5,2889.5,3593.5,3812.5,3890,3854.5
1058,2901.5,3060,3365,3710,3820.5,3908,3932.5
1059,2364,3017,3379.5,3692.5,3757.5,3813.5,3800.5
1060,1751.5,2905.5,3245.5,3046,3672.5,3750,3803.5
1061,758,2255.5,3441,3687,3759.5,3821.5,3754.5
1062,235,610.5,3279,3611.5,3509.5,3823,3751.5
1063,848,619,876,1694,565.5,3651,3483
1064,1948,2193,2928.5,2620,2006.5,2546,2520.5
1065,476.5,535.5,493.5,799.5,396.5,1274.5,1361.5
1066,383.5,1016.5,2196,2087,991.5,1278.5,1364.5
1067,1304.5,2540,2382,3093.5,2967.5,2573,3155.5
1068,1375.5,1361.5,1651,2375,2029,1693.5,2422
1069,1686,2415.5,2992,2859,3364.5,3153.5,2944
1070,1690,1511,2307.5,2694.5,2601,3343.5,3280.5
1071,916.5,1416.5,3083,3282.5,3411.5,2388,2534
1072,1327,1069.5,2536.5,3353.5,3385.5,3548.5,3017
1073,944,650.5,1434.5,2882.5,2511,3144,3370
1074,373.5,259,421.5,2129.5,1089,2298.5,2074.5
1075,1485,1139.5,538.5,963,2289.5,1501,1260
1076,2616,1324,2170,2991,3397,3085.5,3280
1077,1393,735.5,1372.5,2787.5,2661.5,3007.5,3228
1078,404,471,1074,2469,2673,2308.5,2260.5
1079,2038,2317.5,2788,1586,1054,2137,2298.5
1080,1633,1312.5,1857,2038,2431,1708.5,2138.5
1081,1310,1688.5,2607,3277.5,2141.5,3415,3210.5
1082,1039,453,1394,2880,2809,3096,3248.5
1083,578,750.5,1459.5,1938.5,2198,2083.5,2641.5
1084,856.5,1863.5,1994.5,2488,2548.5,2317,2430
1085,2569.5,2005,1875,3343,3431.5,3472.5,3447.5
1086,2593.5,2732.5,2924,3324,3421,3476.5,3516.5
1087,265,901.5,1539.5,2623,2513,2614.5,3142.5
1088,2682.5,2820.5,2302,3457.5,3501.5,3579,1759
1089,2721,2868.5,2648.5,3491,3564,3618,3595.5
1090,2370.5,2657,2933,3463,3422.5,3620,3604.5
1091,2696.5,2732.5,3043,2998,3002,2587,2915.5
1092,1401,1168,3160,3449.5,3559,3634.5,3651
1093,2836.5,2968,830,2608,764.5,1838,3325.5
1094,2422,2925,2801,2505,3452.5,2658.5,3022.5
1095,2754.5,2932,3219.5,3494,3578.5,3570.5,3520
1096,2725.5,2877.5,3160.5,3456,3537,3640.5,3592.5
1097,2623,2799,3124.5,3415.5,3465.5,3609.5,3589
1098,1529,2100.5,2351.5,3066,3390,3146,3513
1099,2118,2106,2992.5,3371,3503,3575,3472.5
1100,2742.5,2897.5,3165.5,3493.5,3607,3671,3680.5
1101,2815,2957.5,3195,3350,3381.5,3230.5,3257.5
1102,2527,2496,3016,3365.5,3084,2560.5,2552
1103,1576,1494,2226,1807,2689,3563,3463
1104,1370,2086,2021.5,2129.5,1005.5,2947,2980
1105,2175,2595,2550,1026.5,1577,1059.5,2259
1106,1519.5,2353.5,1220.5,2718,2984,2582,3247.5
1107,3006.5,3107.5,2648,3682.5,3692.5,3785.5,3685.5
1108,2562.5,2067,3385,3769,3755.5,3817,3795.5
1109,1242,1578.5,3392.5,3747.5,3804,3891.5,3877.5
1110,709.5,699,3096,3343.5,3489,3477,3882
1111,1635.5,917.5,3252,3578.5,3753,3777.5,3860
1112,1836,891,3005,3474.5,3160.5,2927.5,3195
1113,3153,2155,2166,3390,3774,3247,3670
1114,3118.5,2539,1083.5,1929.5,1769.5,2703.5,3439
1115,2923,2496,1054.5,3930,3909.5,3996,3894
1116,2814,1825.5,2331,3386.5,3507,4221.5,4272
1117,3196,2501,2512,3965.5,4038.5,3709.5,3016.5
1118,3207.5,2571,3660.5,4019.5,4075.5,4124.5,4113
1119,3089.5,2371.5,3595.5,3919.5,3512,3623,3431
1120,2520,2671,1996.5,1217,2263.5,975,1026.5
1121,1765,1303,1952.5,2980,3893,2854.5,3453.5
1122,3171.5,3364.5,3037.5,3128.5,2744.5,3219,3252
1123,2607.5,3452.5,2838.5,2778.5,2274.5,2346,2326
1124,3485,3544.5,2380.5,2148.5,1973,975,2804
1125,3657.5,3785,3909,3547,4058,2305,3031.5
1126,2430,2866,3737,4109.5,4166.5,4317,4316.5
1127,1239,2592,3513,4116.5,4060.5,4425,4252.5
1128,2819.5,2949.5,3472,4054,4103,4163.5,4354.5
1129,2507.5,2655.5,3765,4432,4415.5,4574.5,4547.5
1130,1456,1138,3465.5,4280,4499.5,4628,4601
1131,418,365,1967.5,4507.5,4557.5,4600.5,4607
1132,1808,2234,985,3248,1570,4663,4729
1133,774.5,671,1329,4451,3841,4652,4614
1134,1922,3467,4311,4716,4704,4746,4704
1135,3247.5,3445,4133.5,4772,4757,4874.5,4854
1136,2974.5,3223,4354,4561.5,4275.5,4865,4893
1137,3244,3924,4343.5,4733.5,4821,4933.5,4911.5
1138,2968.5,4073.5,4458,4822,4837,4908.5,4843.5
1139,4270,4292.5,4417,4831.5,4850.5,4904.5,4754.5
1140,3770,3772,4377.5,4883.5,4839.5,4997.5,4832.5
1141,4298.5,4280.5,4587.5,4854,4848.5,4608.5,4710.5
1142,3659.5,4287,4619.5,5032.5,4382.5,5119,5019.5
1143,4430.5,2175.5,4327,5033.5,4690,4756,4846
1144,3170.5,1496,4809,4896,4374,5152,4072
1145,4591.5,4283.5,3825,4450.5,3971.5,3897,3707
1146,4617.5,4006.5,2227.5,5221.5,3984,4252.5,4345.5
1147,4814.5,4744,807.5,1955,1180,4498.5,4348.5
1148,4946.5,4817.5,1799,3211.5,3795.5,2431,3735
1149,4876,4935,5155,5532.5,5500.5,5482,5342
1150,3975.5,4529.5,5065.5,5474.5,5427,5585.5,5517
1151,4567.5,4453,4611.5,5321.5,4670,5431,5436.5
1152,2828,4304,4711,5434.5,2304.5,5362,5280
1153,3508.5,3896,4645,5545,4518.5,3804,5310
1154,4891,5052,4165.5,2739.5,2982.5,1081,678
1155,1855,3950,2260,5124,3780.5,4232,3676
1156,4974,5050,5137,5595,5528,5758.5,5728
1157,5343.5,5327,5071.5,5907.5,5882.5,6007,5876.5
1158,5323,5344,5681.5,5996.5,5969.5,6005.5,5938
1159,5394,5481.5,5638,5917,6014.5,6061.5,5984.5
1160,5299.5,5407.5,5599,5912,5936.5,6032,5897.5
1161,5283,5325,5501,5959.5,5982,6093,5995.5
1162,5536,5472,5784,6126,5955,6103.5,6036.5
1163,3322,3525,4899,5959,5270.5,6103,6250.5
1164,995,3051.5,1492.5,2314,1578,3112.5,3813.5
1165,5287.5,5031,5812.5,6100.5,6100.5,6135,6046.5
1166,5035.5,5051,5655.5,6200,6187.5,6234.5,6101
1167,2128,4133.5,5661.5,5715,5886.5,6197,6162.5
1168,3270.5,4216,4851.5,5079,5124.5,5228,6206
1169,2287,3326,4557,5706,5560,5916,6191
1170,5091.5,5662.5,3898,5047.5,5095.5,5079.5,5511.5
1171,6032.5,5893,5174,5052,3922.5,4970,4228
1172,5853,5968.5,6256.5,6438.5,6095.5,5881,3796
1173,4532.5,3984,5312,6671.5,6350.5,6593.5,6229.5
1174,5824.5,5130.5,5209.5,6331.5,5861.5,6724.5,6516
1175,3898,4969,4994,6147.5,4275,4228,6456.5
1176,2798.5,4919.5,5653,6620,6513,6795.5,6782
1177,1919,3865.5,5231,6558,6546.5,6501,6647
1178,5874,6262,6384.5,6724.5,6667.5,6806.5,6714.5
1179,6350,6306.5,6523.5,6787,6803,6885,6806
1180,6446,6343,6648.5,6860.5,6846,6960.5,6895.5
1181,6658,6355.5,6684,7097,6941.5,7074,6956
1182,6537.5,6531.5,6656.5,7026.5,6939,6047,5412.5
1183,5991.5,5779,6739.5,6976.5,6869,7041.5,6909.5
1184,4274.5,6268,6756,6774,6440,6449.5,6708
1185,5744.5,5967.5,6275,7211.5,6958,7041.5,7210.5
1186,6853,6771,6995,7344.5,7200,7364,6843.5
1187,6444,6745,7023.5,7380,7111.5,7192,7195
1188,5046,6022,7058.5,7375,7225,7008,7201.5
1189,2683,4762,6463.5,7363,6408.5,7475.5,6907
1190,5776.5,5297.5,6046,7283,7136,7456,7065
1191,3673,3960,1805,6798,4331,7281.5,6805.5
1192,5385.5,5587.5,6165,7533.5,7354,7602,7479
1193,5946,6411,5394.5,7340.5,7254.5,7609,7560.5
1194,6536.5,7099.5,7164.5,6858,6827.5,7061,7156.5
1195,4907,6394,6978.5,7511,7296,7421.5,7230.5
1196,7310,7298.5,7421,7572.5,7425.5,7609.5,7369
1197,7141,7256,7450,7640.5,7089.5,7658.5,7486.5
1198,7538,7404.5,7568.5,7804.5,7588,7758,7452
1199,7596.5,7481.5,7676,7972.5,7754,7905.5,7738.5
1200,7688.5,7553,7647.5,7920.5,7807,7934.5,7762
1201,7633.5,7451.5,7657,7861.5,7709,7901,7817.5
1202,5060,7421,6911.5,7929.5,7648,7890.5,7746
1203,7461,7182,7253.5,7764,7601.5,7857,7742
1204,7402,6995,6686.5,7804,6664.5,7885.5,7698
1205,5145.5,6630,4775.5,5851,4971.5,7593,7475.5
1206,4971.5,6558.5,5859,7069,3680.5,7028,7622
1207,6765.5,6869.5,6316.5,6575,5461.5,4892,7200
1208,4985.5,6470,6260.5,7200,2739.5,7749,7429
1209,5374.5,6705.5,4544.5,6413,4339,4548.5,4925
1210,7818,7536.5,6106.5,7977.5,7637,7972.5,7903.5
1211,7832,7577,7897.5,8249,7914,8259,8107
1212,7648.5,7389,7912,8184.5,8037,8173,7925.5
1213,7895,7897.5,7096.5,7811.5,7743.5,8059,7929.5
1214,8029.5,7966,7266.5,7297.5,7305,8049,7995.5
1215,8042.5,7754,7988,7435.5,7938,7393.5,7607.5
1216,8164,7866,8197,8188.5,8168.5,8054.5,7696
1217,8122.5,7943.5,8198,8334.5,7660,6523.5,7827.5
1218,8304,8071,7456,8190,6308.5,7299,6282
1219,7766,7272,8080,8024.5,3942,8237,7961
1220,8296,7091.5,8161,8196.5,4860,8245.5,8021
1221,7463.5,5385,3692.5,7672,5348.5,8040.5,7159.5
1222,7424.5,7849,3478.5,5287.5,3037,6206.5,6272.5
1223,8399.5,8037.5,7618.5,8248,6945.5,7916.5,8056
1224,7159,7930.5,8311.5,8481.5,8160,8370.5,8134.5
1225,6809.5,7682,7333,7846.5,7891.5,8262.5,8126.5
1226,3632.5,7947.5,8237.5,8240.5,6304,8214.5,7479
1227,5236,7366,7414,7413,6279.5,7172,7486.5
1228,5687,6013,3770.5,5971,4329,6754,5997
1229,2718.5,8075,4140,6977.5,5865.5,4242.5,3023.5
1230,5024.5,7925,8246,8289,5834.5,8298,8171.5
1231,4766,6054,6219.5,7531.5,5744,8392,8262
1232,3268.5,7217.5,6842.5,8401,6549,8460,8280.5
1233,2964,8251.5,8244.5,8511,8120.5,8551.5,8412.5
1234,3248,8218,7597.5,7673.5,7541.5,7850.5,7788.5
1235,5202.5,8150,3759.5,8287.5,6853.5,8463.5,7690.5
1236,2569.5,7278,3186,4837.5,5190.5,6697.5,8271.5
1237,4048,7909.5,5141.5,8460.5,7135,8375.5,8231.5
1238,5481,8269,8361.5,8448.5,7056.5,8301.5,8379.5
1239,8136,8383.5,8365.5,8587,4384,8522.5,8280
1240,8751.5,8564.5,8393.5,8119,4764,7569.5,8033.5
1241,8878,8542.5,8558,8742,6382,8624,8335.5
1242,8348.5,7358.5,7775.5,8590,7676.5,8737.5,8688.5
1243,7718,7814.5,8151.5,8651.5,7860,8661,8620
1244,7080,8024,7931,8262.5,7785,8558,8450.5
1245,7726,6308.5,8540,8752.5,7209,8730.5,8525
1246,6119,8446.5,8659,8894,8168,8580.5,8352
1247,7885.5,8469,8752,8887,8616.5,9045,8805
1248,6225.5,7267.5,8282.5,8896,4245,8939,8765.5
1249,5237,8399,8573.5,7353,3706.5,7463.5,8112.5
1250,6015,8118.5,7480.5,8754.5,7173.5,8926,8721
1251,6157.5,8045,7360,8567,6876,8681.5,8590.5
1252,7179,8437.5,8429,8768,8408.5,8829.5,8725.5
1253,7765,8454,8612,8896.5,8500,8607,7085.5
1254,6562,6505,5082,3033.5,1821,3644,2341
1255,5322,2774.5,7986.5,8611.5,4115.5,7642.5,8084.5
1256,9129,8560,8200.5,8208,4709,8666,8588
1257,9071,8720,7368,6349,4090,7669.5,8395.5
1258,9069.5,8852.5,8476,8240,3927,8352,8196.5
1259,9184,8790,8833.5,8780.5,6843,8486,8254.5
1260,9168,8872.5,9047,9099.5,8295,8747.5,8446.5
1261,9140,8850,9053,9320,8808.5,9090.5,8575
1262,8843,7735,8980.5,9280.5,8946,8804,8471
1263,9147.5,8971.5,8992,9007,8898.5,8353,8403.5
1264,8977.5,8900,9036,9284.5,9002,8086,8774.5
1265,8065.5,8325.5,8826.5,9241.5,8943.5,8512,8116.5
1266,8833,8941.5,8984.5,9069.5,8590,8397,8559
1267,9159,8733,9236.5,9369,8908,8794.5,8446
1268,9111.5,8825,8878.5,8971.5,8739.5,8865,8646
1269,8591,8701,8651,8793.5,8720,8462.5,8242.5
1270,8716.5,8514.5,8772,8371,8673.5,8346.5,5637.5
1271,8760.5,8510,7568,4989,8080.5,4720.5,6962.5
1272,7373.5,7369,7083.5,6340.5,4637,5657.5,6833
1273,5875.5,8235,5046.5,4790.5,7231.5,5542.5,6517.5
1274,9205,8737,5616,7634.5,6882,7218,7146.5
1275,8200,7918,7376.5,7533.5,7101,7441,7012
1276,7566.5,6554,3788.5,4833,4162,3487.5,5369
1277,7921.5,6151.5,3811,8036.5,7344.5,8343.5,8201
1278,6868,7357,8426.5,7783,8493,5947.5,5753.5
1279,7016,8389,8313.5,8139.5,8250,8440.5,7003.5
1280,7437.5,8368.5,8481,8577.5,6382,8324,7947
1281,8792,8058,8390,7232,6240.5,8172,8087
1282,6597.5,7703,8490,8733.5,6867,8531.5,8227
1283,4461.5,8283.5,8418,8715.5,3654.5,8773.5,8534
1284,2810.5,6027,6915.5,8530.5,6565,8636.5,8358
1285,2869.5,6537.5,5788,8664.5,8379.5,7746,7918
1286,6342,8298.5,8295,8631.5,8277.5,7087.5,6829.5
1287,6090,7753.5,7772,8756,8461.5,8415.5,8288.5
1288,7596,8188.5,8321,8735,8442,8719.5,8258.5
1289,8555,8501,8552,8767,8484.5,8695.5,8169
1290,8133.5,8496.5,8531.5,8802.5,7875.5,8788,8344.5
1291,8599.5,8311,8495.5,8815.5,8264,8693.5,8240.5
1292,8497,8080.5,8583,8627,8440,8279.5,7650.5
1293,8436,8415.5,7539,3784,3029,2622.5,4635
1294,7798.5,7522.5,6737,6992.5,6331.5,5468,6870.5
1295,6169.5,7742,7169.5,6945,5107,7417,7886
1296,8305,7392.5,7746,8291,5061,8264.5,8077.5
1297,8464.5,8189.5,8059,8318,6427,8567,8347.5
1298,8708.5,7642,8268.5,8446,6015.5,8650.5,8355
1299,8704,8462,8403.5,8673,8251,8699,8394.5
1300,8675,8369.5,8414,8726,8391,8709,8475.5
1301,8484,8263.5,7592.5,8728,8484,8608,8233.5
1302,8722,8377.5,8347,8610.5,7944.5,8658.5,8471
1303,8651.5,8263.5,8315,8571.5,8273.5,8450.5,7835
1304,8514,8080,7736,6415,7466,7347.5,5194.5
1305,7565.5,7379,6018,4750.5,6751,4393.5,7287
1306,5663,6643.5,6812.5,7029,7144.5,7569.5,7095
1307,7683,7534.5,6919,8239.5,8025.5,7095.5,6541
1308,4991,7629,8010.5,8290,7990,8137.5,7931.5
1309,8334.5,8104.5,8050,8221.5,7550,7983.5,7962
1310,5464,4813.5,5458.5,8231.5,7986.5,8232.5,7837.5
1311,7725,7922.5,6168,7750,7924,8283.5,8022
1312,7436.5,5570.5,5910.5,4410,6043,6998,4827.5
1313,7263.5,6734.5,7918,8330,7566.5,8067,7746
1314,7508,7578.5,7845,8311.5,7597.5,8398,7923
1315,8088.5,7900.5,7665,8236.5,6916,8058,7797
1316,6950.5,7276,7351.5,8230,6727,8077.5,7727
1317,7474.5,7541.5,7490,8130,7304,7621.5,6826.5
1318,7894.5,7451,7595,7867.5,8096,7627.5,7376
1319,7963.5,7811,6916.5,7213,7471.5,7294,7162.5
1320,7889,7804.5,7355.5,7718,7655.5,7466,7411.5
1321,7518,7275.5,7502.5,7752,7605.5,7681,7505.5
1322,7503,7260,7219.5,7872.5,7625.5,7714.5,7385
1323,7647.5,7492,6668,7847.5,7602.5,7824.5,7393.5
1324,7701.5,7496.5,6784.5,7542.5,6861,7746,7576
1325,6606.5,7459.5,6714,7424.5,7062,7624.5,7396
1326,6710,6717,6455,7606,6064,7519,7097
1327,7349,7305,6825,7637,4606.5,7592,7252.5
1328,7529,7403.5,6752.5,7753,6603,7672,7136.5
1329,7093.5,6864.5,6787,7753.5,7449,7487,7305
1330,7462.5,7289,6994,7743,7470.5,7246,6947
1331,7042.5,7248.5,6615,5013,3928,4216.5,2198
1332,7062,6736,6943.5,6083,7130.5,6404,6824
1333,6725,6920.5,6336,7257,7150,6899,6023.5
1334,5940.5,5905.5,6226.5,7056.5,7071.5,6444,6585.5
1335,5818.5,5663.5,6463,7392,7234.5,7198,6910.5
1336,6718.5,6911,6765,7288,7193,7044.5,7140.5
1337,7087,6957,6806.5,7469,7085,7229,6848
1338,6978,6911,6639.5,7216.5,5798,6824.5,6777.5
1339,6902,6912,6600,7247.5,6261,6518.5,5995.5
1340,5738.5,6887,6746,7242.5,6109,7314.5,7074
1341,6056.5,6948,6944,7259,5769,7279,6871.5
1342,7143,7021.5,6942.5,7337.5,7004.5,7271,6532
1343,6905.5,6844.5,6661.5,7072.5,6913.5,5971,6441
1344,6951,6922,5963.5,6962.5,6765.5,5586.5,6223.5
1345,6854.5,6754.5,5366,6639,6585.5,6012.5,4588
1346,6844,6666,5681.5,5379.5,6012,3290,2936
1347,6534.5,5965.5,5058,5947,4544,3814.5,3971.5
1348,5658,5667.5,4920.5,6569.5,5788,6553,6414
1349,3311.5,3914.5,4165,6308,3595,2959,3044
1350,4901.5,4300,4082,6412.5,6639.5,6391,6131
1351,1844.5,3311,1441.5,6630.5,5123.5,6645.5,6439.5
1352,3010.5,4955.5,5105.5,5073,4607,3525,6417.5
1353,1669,1984,6460,6615.5,5715.5,6815,6619
1354,5169,6166,6485.5,6742.5,6554.5,6780.5,6695
1355,6320.5,6297,6449,6719.5,6560.5,6724,6630
1356,6208.5,6221,6383,6657.5,6397,6621.5,6376
1357,6134.5,6216.5,6218.5,6615,6242,6480,6208
1358,6091.5,6112.5,6079.5,5988,5067.5,3479.5,2702
1359,6064,6036.5,6021.5,6054.5,5871.5,3928.5,5171
1360,5995.5,5971.5,6241.5,6361.5,6169,6145.5,5986.5
1361,5322,5304.5,5383.5,6125.5,6045.5,6256.5,6153
1362,5829.5,5748,5787.5,6088.5,6040.5,6080,6032
1363,5801.5,5737,5303,5950.5,6002.5,6150.5,6068
1364,5783,4163.5,4644.5,6038.5,5730.5,6023,5818.5
1365,5808.5,5392,3106.5,5749.5,5866,5439.5,5805.5
1366,5780.5,4713.5,4011.5,6170.5,6093,6132.5,6029
1367,3630,1317.5,3208.5,6073,5920.5,6098,5947
1368,2062.5,4345.5,3348,5865.5,5837,5198,5898
1369,5469.5,5412,5556,5970,5886,6107.5,6031.5
1370,5138,5430,5563,5748,5664.5,5858.5,5855.5
1371,5312,5081,3828.5,1494,4052.5,5591.5,4657.5
1372,5182.5,5060,4776.5,4714,5004.5,2789.5,3459.5
1373,5007.5,4992.5,5179.5,4977,5415.5,5703,5235.5
1374,3435.5,4330,5217.5,5601,5448.5,5658,5551.5
1375,3840,4075,4649,5446,5346.5,5390,5220
1376,4817,5208,5207,5460.5,5415.5,5482.5,5357
1377,4938,4949,5156,5302.5,5258.5,4968.5,4827.5
1378,5016.5,4978,5114,5382,5285,5375,5102.5
1379,4905,4912,5024.5,5236.5,4772,4113,3726.5
1380,4871,4781.5,4168,5029.5,5015.5,5215.5,5136
1381,4624,4224.5,3274,4176,4083,5209,5194
1382,4500.5,3855.5,3597,4718,4495.5,2299,3771.5
1383,2318,4433.5,4570.5,1985.5,1666.5,4457,4262
1384,888.5,2805.5,4263,4804,4740.5,5037,4891.5
1385,2223,3844,2670.5,4252.5,3679,4341,3340.5
1386,3248.5,3975,4406.5,4694,3534,3805,3949
1387,4540.5,4564.5,4751.5,4906,4869,4803.5,4302.5
1388,4463,4484.5,4763,4905.5,4832,4657.5,4878
1389,4328.5,4328,4595.5,4870,4502,4980.5,4907
1390,2945.5,3160.5,4077,4926.5,4596,4931.5,4805.5
1391,3241.5,3344.5,3800.5,4473.5,4293.5,4838,4800.5
1392,4114,3985.5,2952,2849.5,3018.5,3027.5,3146
1393,4243,3856.5,4624.5,4850,4818,4936.5,4756
1394,1650,1529.5,3002,3648,3445.5,4244,4499.5
1395,1499,2938,3174.5,3009.5,3234,2841.5,3114.5
1396,4105,4187.5,3941,4527,4635.5,4454,2579.5
1397,3831,4019,4235,4652,4723.5,4775.5,4652.5
1398,3485.5,3907,4333,4610.5,4646.5,4668,4646
1399,1120.5,1003,4271.5,4577,4554.5,4705,4629.5
1400,2233.5,1412.5,555,4422,2775.5,4652.5,4617.5
1401,3870.5,3911.5,1852,3613,3950.5,4512,4476.5
1402,3864,3948,3909.5,2319.5,3451.5,2599,2267.5
1403,3312.5,3397.5,3705.5,4345,4408,4295.5,4522.5
1404,3720.5,3803.5,4029.5,4395,4456,4510.5,4461
1405,3610.5,3729,4040,4421,4434,4545,4527.5
1406,1586.5,1285,3820,4329.5,4272.5,4470,4379.5
1407,1533,1182.5,1449.5,3975,2589.5,4368.5,3976.5
1408,3670.5,3594,2538,4239,4237,4379,4189.5
1409,3556,3308,3987.5,4392,4429,4477,4448
1410,3137,3486,3868,4226.5,4302,4071.5,4231
1411,3196,3405.5,3797.5,4194,4237.5,4384,4335.5
1412,3330,3426,3793.5,4137,4119,4319.5,4295
1413,874.5,2846,599,3369.5,2577.5,3878,1678
1414,3374.5,3440,2554,4088,4125,4187.5,3901.5
1415,2482,2818.5,3440,3887.5,3998.5,4061,4062
1416,3190.5,2720.5,3209.5,3774,3937,3971,4049
1417,3124.5,3202.5,3548.5,3932.5,4029.5,4027.5,3987.5
1418,3053.5,3146,3415.5,3809.5,3896.5,3916,3954
1419,3080,3074.5,3491.5,3846.5,3889.5,3971,3958
1420,2056.5,2568.5,3508,3858,3921.5,4016,3908.5
1421,2946.5,2835,3439,3699,3830,3964.5,3772
1422,845,1941,2990.5,3766.5,3631,2311.5,2693
1423,2177.5,2803,1203,3742,3629.5,3512.5,3598.5
1424,3011,3053,3298,3651.5,2447,3835.5,3839.5
1425,3074,3125.5,3101.5,3143,3656,1569,2622
1426,3035,3156.5,3332.5,3603.5,3366,3647,3748
1427,3016,3141.5,3407,3721.5,3709.5,3607.5,3798.5
1428,1767,1046.5,2865.5,3400.5,3352,3420.5,3841.5
1429,2344.5,2553,2996.5,3513,3680.5,3788.5,3804.5
1430,1788.5,1523,2340.5,3288,3528.5,3730,3829.5
1431,325,665,2136.5,2910,2756.5,2863,3553
1432,2003,2825.5,3214,3098,2585.5,1864.5,2426
1433,1595,1738.5,2297.5,3125,3056.5,3488.5,3715.5
1434,881,1356.5,2429.5,3040,3122,2661.5,3279
1435,1249.5,1508,2536.5,3133.5,3189.5,3092,3307.5
1436,1706.5,760,2070,2977,3153,3404,3416
1437,970,863.5,2329,2833.5,2973.5,2795,2606.5
1438,1015,1992.5,567,2634.5,2113,2940,3217
1439,1569.5,2583.5,1659,3244,1998.5,2736,2476
1440,855.5,1216.5,3049,3416.5,3478,3592.5,3521
1441,732,1149.5,1061.5,3241,3195.5,3366.5,3557.5
1442,2404.5,2844,2009.5,3416,3492,3409,3403
1443,2717,2875.5,3122.5,3433,3522,3593.5,3609.5
1444,2543.5,2748.5,3070.5,3371.5,3461.5,3581,3584
1445,634,1775,2609.5,3265.5,3337.5,3460.5,3507.5
1446,271,1449,3071,3375.5,3431.5,3552,3567
1447,1564,1726,396,3211,3065.5,3364,3503.5
1448,883,1503,1916,2263,2746,2733,3278.5
1449,392.5,521,1042,2165.5,2670,2524.5,3080
1450,1915.5,1663.5,1135,1333,593,1865,2491.5
1451,1961,2746,1592.5,2663.5,3304,3387.5,3288
1452,1153.5,1686.5,1232.5,3395.5,2869,2695.5,2817
1453,2637.5,2715,2621,3437.5,3510,3635.5,3251.5
1454,2765,2873,3200.5,3558,3625.5,3615,3497.5
1455,1824.5,1569,2790,2833,2886,3098.5,3604
1456,2412,2762,981,3354.5,2368.5,3487.5,3089.5
1457,2696,2758.5,2087,3438.5,3470.5,3552,3552.5
1458,1116,1686.5,3127.5,3418.5,3474.5,3624.5,3572.5
1459,2910,2910.5,3123.5,3445.5,3525.5,3592,3602
1460,2738,2391.5,3246,3502,3501,3613,3360
1461,2171.5,1511,1594.5,2711.5,2977.5,2711.5,3340.5
1462,1978,1804.5,2614,1803.5,2806.5,2671,2942.5
1463,1379,925,1300.5,2223.5,3250,1929.5,415
1464,701.5,953,503.5,888.5,710,964.5,625.5
1465,949,612,819,1110.5,1052.5,2496.5,2939.5
1466,2010,1248.5,2335,3187,2764,3324.5,2013.5
1467,2912.5,2058.5,2753.5,3531.5,3557.5,3676,3655
1468,1379.5,1671,2664.5,2749.5,1853,2939.5,3626
1469,2956,2292,2801.5,2906.5,2202.5,1153.5,2754.5
1470,2046,2329.5,2958.5,3463,2805,3268,3720
1471,2544,2321,3396,3755,3830,3905.5,3884
1472,971,2320,2003.5,2930,3116.5,2885.5,3764
1473,764,921,2376,3281.5,3112.5,3183,3701.5
1474,2768.5,1693,3360.5,3661.5,2436,3350,3578.5
1475,2267,1393,2736.5,2855,2919,2747,3141.5
1476,389.5,633.5,2267,3209.5,3202,3513.5,3853.5
1477,2782.5,2543.5,1196.5,3317.5,1627.5,2858.5,2377
1478,1470.5,2023,507.5,1109.5,1481.5,2445.5,3242
1479,1810.5,2135,3141,3761.5,3329.5,3891,3866
1480,2032.5,1874.5,2914.5,3581.5,3686,3538,3642
1481,1167,877,1011.5,3124.5,2799,3045,3636.5
1482,1692.5,2350.5,2003,2802,2518,2434,2827.5
1483,1039.5,2766,3087.5,3923,4010,4121,4081
1484,3221.5,3216.5,2773.5,3991,4062,3866,4055.5
1485,3248.5,2774,3759.5,4142.5,4228.5,4302.5,4310.5
1486,3416.5,3413,2885.5,3531.5,2870,3440,3989
1487,1116.5,1291.5,3221.5,4129,4161.5,4151.5,4290
1488,588,609.5,2438,3392,3660.5,3756.5,4087.5
1489,2795.5,3087.5,720.5,3956.5,2568,4079,3970.5
1490,2733.5,3405,472.5,2440,1537,2365,4131
1491,3589,3697,2457.5,4303.5,4431.5,4266.5,4281
1492,1162.5,1308,2471,4310,4327.5,4519,4562
1493,1507.5,2425.5,3788.5,4319,4332,4547,4616.5
1494,3200.5,3366.5,3859,4298,4418,4605,4604
1495,3619.5,3520,4097.5,4447,4497,4612.5,4623
1496,3554,3356.5,4118.5,4488,4550.5,4690.5,4729
1497,3916,3771.5,4147,4522.5,4607.5,4653,4683
1498,4090.5,3982.5,4275.5,4636.5,4658,4735.5,4755
1499,3883,3554.5,4237.5,4704.5,4764.5,4815.5,4776
1500,3624.5,3354,4366.5,4684.5,4810.5,4516,4631.5
1501,4114.5,3125.5,3970,4822.5,4823,4978,4869
1502,3706,3448,3668,4586,4780,5029,4929
1503,4009,4273.5,4285,4671.5,4640,4741,5045
1504,3654,3782.5,3187.5,4050,4829.5,4531.5,4763
1505,4084.5,4149,4625,4884.5,4925.5,4999.5,4994
1506,4030.5,4085,4668,5046.5,5072,5141.5,5088.5
1507,1064,2450,845,2675,2142.5,5018.5,5073
1508,2447,2211.5,4051,4569.5,4748,4811.5,4089.5
1509,1208,2128,4774,5094,5016,5380.5,4960.5
1510,4236.5,3804.5,4410.5,5191,5196,5101,5231.5
1511,4163.5,4649.5,4173,5296.5,5329,5480,5412
1512,4886,4751.5,4870.5,5353,5325,5287,5391
1513,4714.5,4805.5,4962.5,4845.5,5041,4739,5019
1514,4735.5,4479.5,4964,5338.5,5453,5553.5,5538
1515,4792,4034,4973,5408.5,5430.5,5593,5563.5
1516,3701.5,3750,4708.5,5182,5090,5458.5,5471.5
1517,2424.5,3428.5,5068.5,5424,5374.5,5429,5608
1518,3175,3769,4025.5,4934,5002,4806,4950
1519,3303,4727,5126,5430,5477,5185,5196.5
1520,3809.5,4451.5,4979.5,5668.5,5417,5227.5,5502
1521,3073.5,2307.5,4356,4960,4764,5000.5,5230
1522,2992,1830.5,3730,4933,3913,5759.5,5903
1523,1280,1089,1571,2760,2143.5,2754,4032
1524,3342,3349.5,5529,5223.5,5554,5891,4717
1525,3103,2863.5,2469,3438.5,4676.5,2368,3456
1526,2207,2975.5,4211,6015,5947.5,6080,5968.5
1527,1982.5,2923.5,5378.5,5637,5758,6088.5,6079
1528,659.5,1074.5,5503,6201,5715,6209.5,6213.5
1529,1676.5,1604.5,779,3361.5,2744,5169,5231
1530,928.5,2706.5,4761,6083,6015,6235,6160.5
1531,1079.5,1522.5,2683.5,4850.5,4342,5620,6065
1532,4183,4907.5,4849.5,5804.5,5061,6084.5,6043.5
1533,5064.5,5767.5,5332.5,5832.5,6095,6059,6211
1534,5868,5633,5998,6370,6248,6470.5,6447
1535,6013.5,5962.5,6206.5,6474.5,6253,6534,6560
1536,5948,5915.5,6067,6484,6390,6538,6477
1537,5564.5,5658,5444,6136,5851.5,6519,6463
1538,885.5,1869,6155.5,6020.5,5179,6330,6576.5
1539,574,2210,2833.5,5634.5,4603.5,4642,6311
1540,3338,6241.5,6518,6797.5,6546.5,5882.5,6667.5
1541,5881,5994,6304,6839,6839,5929,7032.5
1542,6022,5696.5,6079,6807.5,6739,6952,6872.5
1543,6001,6212.5,6334,6078,6541,6816,6779
1544,5627.5,5904.5,6466.5,6967,6831,6995.5,6885
1545,4906,5401,6447.5,6210,5862,6771.5,6976
1546,6153.5,4938,6553,5788.5,5135,4371,3838.5
1547,5991,6618.5,6747,7086.5,6164,5879.5,6838
1548,6638.5,6547.5,6429,6299,6220,5023,6914
1549,6693.5,6578,6719,7065.5,7036.5,6919,6947.5
1550,6644,6532.5,6806,7165,6902.5,7208.5,7082
1551,6379,6588,6846,7189,6989,7343.5,7206.5
1552,6540,6695.5,6391,6440.5,6791,6616,7308.5
1553,6737.5,6768,6949,7186,7075,7244,7231.5
1554,6862,6903.5,7093,7387.5,7190,6331,6055
1555,7002,6937,6412.5,7113.5,6224.5,6399,6405
1556,6872,5510.5,4810.5,3477.5,2740.5,2631.5,2979
1557,6292.5,5023,4459,2469,2219.5,4037.5,2956.5
1558,1004.5,1392,3666.5,5729,3088,5438,6016.5
1559,1745,2585.5,4417,6636.5,5517,3033.5,4678
1560,1900.5,6597,4572.5,6855.5,6220,3911.5,4851.5
1561,1191,4881.5,6140.5,7468,7260,7278,7376
1562,4527,6997.5,6316.5,7442.5,6993,7515,7462.5
1563,4047.5,7040.5,7379.5,7614,7471.5,6767,7339
1564,7629,7444,6798.5,7908,7614,7864,7640.5
1565,7474.5,7445.5,7660,7931.5,7818,7866,7705.5
1566,7538,7368.5,7651,8024,7827,7985.5,7853.5
1567,7558.5,7433,7576.5,7958.5,7725,7992.5,7921
1568,7022.5,6932.5,7128,7435.5,7452.5,7394.5,7668
1569,7198.5,7514,7309.5,7954,7808,7974,7852
1570,6033,6166.5,7166.5,7698,7751.5,7813.5,7638
1571,3304,4240.5,4857,7804.5,7552,7866.5,7723.5
1572,4873,7520,7572.5,8175,8010.5,8188.5,7942
1573,6488,6935,5897.5,5284,6750,7680,7751
1574,7875.5,7919,6731,8152.5,7840,8107,7942.5
1575,6555,6707.5,7194.5,7715,7486,7446,7801
1576,3281,6728,7252,8033.5,7846.5,7579,7780
1577,8147.5,7926.5,5631.5,7797,7846,5449,6900
1578,6256,7321.5,7624,8020.5,7236,7397.5,7472.5
1579,8126.5,7922.5,8036,5945.5,7750.5,5011,4765
1580,7578,7839,7898,7217,7735,7707,7872
1581,6677.5,7754,7944,7680,7804.5,5110.5,7865
1582,5081,5775.5,6553,7929.5,7432.5,8203,8122
1583,5189,6101,5699.5,7910,5484.5,7935,8163.5
1584,3304.5,2034.5,3529,7991,4697.5,7925,7718
1585,3293,3834.5,3778,6343.5,6701.5,6567.5,6007.5
1586,1524.5,2257,4263,6899,4524,6609.5,7950
1587,4287.5,4477,4749.5,8101.5,6447,7414.5,8046.5
1588,5240,7994,6830.5,8304,5462.5,8338,8191.5
1589,8641,8236.5,8123.5,8279,4783.5,8340,8256.5
1590,8447,8173,8244,8388,6727.5,8232,8142
1591,8298,7938,8216,8497,8140,8491,8338
1592,8301,8195.5,8257,8551.5,7673,8475.5,8159
1593,4164,7818.5,8056.5,8551,6742.5,7985,7040
1594,6365,8256.5,8399,8601.5,6615.5,8452,8172.5
1595,8541.5,8240.5,8249.5,8484.5,6265.5,8466,8297
1596,8639,8412,8395.5,6173.5,6989.5,7095.5,6208
1597,8269,8095.5,8228.5,8205,5921,8096,8143.5
1598,8319.5,7451,8183.5,8574,4365.5,8471,8296
1599,3631,5092,8405.5,7737,6343.5,8515,8359.5
1600,2893.5,6048.5,8553.5,8929,8473,8886,8536.5
1601,3994,7443,8545.5,8835.5,8515.5,8880.5,8647.5
1602,2883,6853,8387.5,8670.5,7522.5,8713,8624.5
1603,5907,8014.5,7079.5,8591.5,7467.5,8579,8551.5
1604,5933.5,8031,5218.5,8252.5,5670.5,7302,8517
1605,8264,8360.5,8200,8566,8279.5,8266,7991
1606,8784,8445,8310,8658,7845.5,8483,8347.5
1607,8685,8405.5,7634,8040.5,6495.5,8679.5,8493
1608,8525,8435,8113,8563.5,5747.5,8680.5,8442
1609,8636.5,8389.5,8171.5,8527.5,6820.5,8556.5,8486.5
1610,8906.5,8659,8534,8646.5,6456,8219.5,8291
1611,8850,8825,8406.5,8702,6258.5,8667,8289
1612,8610.5,8799,8320.5,8723.5,8568.5,8703,8540
1613,8989,8578,8594.5,8936,8598.5,8562.5,8464
1614,6996,5389.5,8298,8998.5,8733,8889.5,8712
1615,7331.5,8599,8666,8984.5,8197,8743,8654.5
1616,8353,8437,8630,8570.5,6899.5,8795,8759
1617,8526,8534.5,8636.5,8688,7132.5,8616,8332
1618,7671.5,7789,8058.5,8474,7863.5,7636,7589
1619,8928,8662,8085.5,8586,5933.5,8501.5,8212
1620,8039.5,7210.5,6747,6909,6343,7378,5761.5
1621,9172.5,7990,5841.5,8404,1404.5,8540,8228
1622,8937.5,8609,6338,8776,4976,8837.5,8489
1623,8693,8579.5,8558,8732.5,7060,8844.5,8706
1624,7366,7748,8821,9078,5822.5,8817.5,8585
1625,4962.5,5008.5,8793.5,8941.5,6278.5,9001,8837
1626,5366,7430,8985.5,8981,8509.5,8881,8695
1627,3176.5,4599.5,8721,8949.5,8558.5,8421,8800.5
1628,8744.5,8820.5,8822.5,9014.5,8682,7381.5,8283
1629,9130,8589,8918,8715.5,8517.5,8675,8412.5
1630,9224.5,8838,8596,8820.5,8320.5,8619,8478
1631,8985.5,8888,8719,8577.5,8139,5643.5,6626.5
1632,9169.5,8929,8959,8824,8418.5,8493,8300.5
1633,9007.5,8906,8988.5,9008.5,8544.5,8917.5,8529
1634,9268.5,8952.5,8967,8407.5,6742,8963.5,8609.5
1635,9236.5,9019.5,8862,8711,8363,8763.5,8475.5
1636,8773.5,8778.5,8645,8607.5,8420.5,8400.5,8009.5
1637,9097.5,8773,8527.5,8332,7397,5006,6666.5
1638,9195.5,8764,7438,4843,7313,6528.5,8271.5
1639,9148.5,8924,8474.5,8467.5,8203.5,8421,6074
1640,8975.5,8768.5,8702.5,8699.5,8461,8154.5,7026
1641,8701.5,8629.5,8660,6220.5,7909,8173,8047.5
1642,8954,8632.5,8669,8644,8108.5,8575,8300
1643,8880,8698.5,8721.5,8807,8474.5,8598,8337
1644,8326.5,8695.5,8701.5,8971,7290,8836.5,8482
1645,8891,8678,8873,9039,7865.5,8993,8654
1646,8863,8576,8801.5,8932.5,7458,8773,8626.5
1647,8866,8553,8662,8889.5,7749.5,8819,8329.5
1648,7012,8407.5,8618.5,8909,7802.5,8848,8509.5
1649,6806.5,8467.5,8270,8537.5,8474,8738,8446
1650,9013.5,8738.5,8930.5,9047.5,8465.5,8785,8588
1651,8921,8679.5,8888.5,9027,7985.5,8938.5,8755
1652,8960,8703,8855.5,9048.5,8152.5,8856,8662.5
1653,9044,8738,8733,8912,8556.5,8857.5,8502.5
1654,9000,8718,8735.5,8861,8383.5,8785.5,8385.5
1655,8825,8445,8668.5,8839.5,8012,8771,8390.5
1656,8903,8578,8508,8808,8081.5,8541.5,5819.5
1657,8415,8592,8693.5,8730.5,8227,8405.5,5149
1658,8754.5,8483.5,8748.5,8701,8368.5,8364.5,7930.5
1659,8700.5,8532.5,8697,8677.5,8403,8433,8001.5
1660,8871,8583.5,8661,8567,8372.5,8319.5,8038
1661,8874,8627.5,8541.5,8550.5,8334,8031,7883
1662,8934.5,8698.5,8583.5,8626,8307.5,8383,7784
1663,8815.5,8601.5,8623.5,8280.5,6825,8216,7629
1664,8751.5,8541.5,8524.5,7989,7362,7988,7160
1665,8704.5,8444,8257.5,8185,7780.5,6948,7657.5
1666,8550,8505,8228.5,8127,7799.5,7817.5,7758
1667,8579.5,7969.5,7941,8081,7900.5,7768,7695.5
1668,8307,7924,7747,7968,7732,7977,7613
1669,8195.5,7999,7898.5,8044.5,7683.5,7742,7448
1670,8398,8098,7801,7793,7523,5472.5,6363.5
1671,8632.5,8245,7610,7995.5,7638,7702,7623
1672,8568,8205,7910,8110.5,7866,7770.5,7537
1673,8589.5,8237.5,7960,8029.5,7509,7504,7448.5
1674,8487,8125.5,8087.5,8042.5,7802,6639,7621
1675,8512,8102.5,7847.5,5827.5,7697.5,7044.5,7530
1676,8350,8112,8217,8287,7687,7847,7675.5
1677,8235,8008.5,8355.5,8314,7422,7901,7645
1678,8293,8125.5,8312,8342.5,7845.5,8050.5,7965
1679,8208.5,7976,8327,7751,7192.5,8124,7877
1680,8078.5,7992.5,8039.5,8249.5,6788,8315,7655.5
1681,7816.5,7797.5,7885.5,8338,7692,8147.5,7471.5
1682,8002.5,7741.5,7882.5,8169.5,7663.5,7130,7482.5
1683,7914.5,7723.5,7819.5,7830,7564,6555,7260
1684,7961,7709.5,7811.5,7957.5,7696,7530,7565.5
1685,7934.5,7595,7807,7951.5,7764,7698.5,7548.5
1686,7908.5,7758,7722,8268.5,7991,7805,7461.5
1687,7667.5,7459.5,7765,8068,7945,7906,7671.5
1688,7595,7372.5,7682,7529.5,7762.5,7784.5,7058
1689,6166,7073,7022.5,7630.5,7678.5,7165,6757.5
1690,6798.5,6911,6664.5,7605,7637,5991,7041
1691,7292.5,7046,6977,7075.5,7246.5,5424.5,6965.5
1692,7372.5,6904.5,6952.5,7061.5,7105.5,4807,4775.5
1693,7285.5,6904,6478.5,6938.5,7175,7231,6812.5
1694,7517,7080.5,6954.5,7242.5,6807.5,7054,7013
1695,7598.5,7380,7342.5,7292,6971.5,7264.5,7027.5
1696,7518.5,7281,7258.5,7370,6814.5,7286,7052.5
1697,7497.5,7145.5,6788,7436.5,6359,7372.5,6634
1698,7335.5,6978.5,6913.5,7288.5,5754.5,6937,7261
1699,7386.5,7211,7080.5,7399,7206.5,7261,7047
1700,5712.5,6468,7092,7361.5,7175,7360,7230.5
1701,6878.5,6823,7038.5,7356,7116.5,7345,7215
1702,7217,7101.5,7027.5,7176,7173.5,6756.5,6743.5
1703,6631,6961.5,7200,7291,7233.5,7088.5,4572
1704,6518.5,6682.5,7161.5,7540,7054,7177,6792
1705,6669.5,6748,6336.5,7322,6528,7450,7057
1706,6284.5,6756,7135.5,7333.5,5623,7331.5,7178.5
1707,6983.5,6817.5,6898,7213,6520.5,7287,7338
1708,6777,6675,6908,7237,6880.5,7233.5,6961
1709,6796.5,6613,6916.5,7123.5,6911.5,6931,4907.5
1710,6760.5,6504.5,6680.5,6979,6736.5,6846,6672
1711,6728,6481,6581,6863.5,6641,6597.5,6688
1712,6636,6271,5824,6829,6907.5,6688,6941
1713,6479,6169,6359.5,6976.5,6858,6734.5,6711
1714,6059.5,6416.5,6367,6763,4756,6664,6729.5
1715,6409,6236,6444.5,6770.5,3871,6862,6435.5
1716,6408,6270,6507.5,6932,6748,7063,6898.5
1717,6460.5,6297.5,6538.5,6870.5,6786,6526.5,7013.5
1718,6408,6261.5,6391.5,6759.5,6607.5,6518,6730.5
1719,5692.5,6127,6321,6721,6572.5,6429,6693.5
1720,6078.5,6072,6128.5,6754.5,6543.5,6231,6458.5
1721,6046,5929,6085,5531.5,3360.5,4049.5,2822.5
1722,6096,5957,5547.5,4845,4925.5,1038,1563
1723,5081,5055,3644.5,6096.5,5971,2368.5,3338
1724,3892.5,5929,6216.5,6635,5444,6524.5,6242.5
1725,4540.5,5778,6074,6355,6356.5,6546.5,6451
1726,5939,5759,6078.5,6281,6288,6419,6366.5
1727,5832,5864.5,5990.5,6165,6248,6293,6213
1728,5656,5660,5841,6140.5,5956.5,5560.5,5474.5
1729,5689,5701.5,5747,5818.5,5577,3004,4623
1730,5657,5543.5,4837.5,4392.5,5672.5,3354,5812.5
1731,5608.5,5541.5,5525,5722.5,5698,5912,4852
1732,4344.5,5499,5677.5,5839,5830.5,5716,5515.5
1733,5606,5588.5,5772.5,5898.5,5874,5953.5,4413
1734,2206.5,4171.5,5719,6088.5,5860.5,6165,5966.5
1735,1780.5,1902.5,3720,5749.5,5835.5,5970,6006
1736,3686.5,5098,5590,5828,5794.5,5958.5,5808.5
1737,4871.5,5361,5665,5899,5847.5,5927,5823.5
1738,5175.5,5282,5504,5839,5821.5,5929,5879
1739,5073.5,4717.5,4553,5233.5,5316.5,5023,5475.5
1740,5005,5058,5322.5,5242,5651,5099,5368.5
1741,5062.5,5073,5216,5538,5471.5,5460,5312
1742,4866,4622,4768.5,4874.5,5340.5,5422.5,5417.5
1743,4936.5,4803.5,5000,5521,4129.5,5628,5486.5
1744,4294,4514.5,4795.5,5055,3768,5576.5,5512
1745,2866,3765.5,4127,4804.5,5209,5301.5,5405
1746,1477.5,889,3578.5,5366.5,5102.5,5426,5410.5
1747,584,2127.5,3889,5160.5,4938,5405,5358.5
1748,800.5,1132.5,1926.5,4739,4193,4619,4831.5
1749,1376,4298,4862,5166.5,4224.5,5213.5,5137
1750,3165,4595,4953,5255,5269.5,5328,5200
1751,4315,4456,4799.5,5148,5151.5,5244.5,5208
1752,4497.5,4567,4829.5,5158,5171,5243,5197.5
1753,4201,4343,4751.5,5083,5064,5155.5,5031
1754,4245,3618.5,4179,5030.5,4999.5,5107.5,5030.5
1755,3828.5,4265,3077,1589.5,2976,2972.5,4444
1756,1371,1832.5,3303.5,2703.5,3372,2350.5,3517
1757,790,1084,4102.5,4728.5,4623,4708,4597.5
1758,3841,4119,4259,4603,4519,4385,4724.5
1759,1457.5,1099,1650.5,3297.5,2303.5,3024.5,3963.5
1760,1217,1134,1824,2990.5,2702.5,4333.5,3594.5
1761,1183.5,2386,3888,2988.5,1995.5,4044.5,4431.5
1762,717,1941,1028.5,2231.5,1189,3832,3631
1763,1688.5,2887.5,3458,4575,4399,3822.5,4215.5
1764,2101.5,3296,3653,4387.5,3439.5,3389.5,4427.5
1765,3612.5,3879,4204.5,4552.5,4576,4612,4553
1766,3407.5,3779.5,4204,4443,4483.5,4461.5,4250
1767,3756,3799,3889.5,4258.5,4258.5,4328.5,4301.5
1768,3219,3649,3960,4278.5,4281,4326.5,4269.5
1769,2357.5,2421,2627.5,3960.5,4042,4216,4345
1770,2341,2777,3652.5,4139,3990.5,4016,4224.5
1771,3494,3522,3797.5,4139,4166,4234.5,4172
1772,3415.5,3498.5,3778,4082.5,4102.5,4241.5,4263
1773,3351.5,2846,3720.5,4079,4182,4290,4183
1774,2221.5,2254.5,3725.5,4089.5,4120.5,4227,4206
1775,1684.5,3360,3316,3207.5,2485,3736,3739
1776,3215,3321,3696,4008.5,4006.5,4179.5,4095
1777,3287,3346.5,3698,4001.5,4036,4142.5,4088.5
1778,558,2189,3686,3312,3400,3508.5,3929.5
1779,2184.5,3381.5,2541.5,3140.5,3331,2242,2756
1780,3121,3353,3617,3989.5,3935,4116.5,4119.5
1781,3072,3309,3588.5,3883.5,3970.5,4064.5,4103
1782,330,850,1598,2633,3083,3248.5,2928.5
1783,756.5,843.5,2357.5,1263.5,1772.5,3414.5,1990.5
1784,1607,2691.5,922,3694.5,3193.5,3849,3822
1785,1897,1568,3111,3725,3745,3849.5,3868
1786,975.5,3056,2431,3653.5,3690.5,3773,3890.5
1787,2808,3058.5,3430.5,3808.5,3859.5,4013,3994.5
1788,1766,1688,2939,3814.5,3830,4000,3948.5
1789,1122,725.5,2530.5,3543.5,2024,2782.5,1850
1790,2584,2805,2218.5,3049.5,2216,3118.5,3197
1791,2188.5,1949.5,1774.5,3180,3241,2894.5,3156
1792,2737.5,2996,3075.5,3681.5,3734,3836,3868
1793,1508,2099,3105,3554.5,3661,3712.5,3784
1794,2970,3006,2601.5,2961.5,3207,2430.5,3182
1795,2827.5,2895.5,2460.5,3627.5,3722,3652,2978
1796,2815.5,2890.5,3128.5,3533.5,3617,3678.5,3622
1797,1639,1965.5,3057.5,3444.5,3406.5,3661,3711
1798,2580,1985,2431,3109.5,3018,2766.5,2939
1799,833.5,2500,2452.5,2957.5,2275,3170.5,3159
1800,1338.5,1095.5,2258,2846.5,2967.5,2524,2588
1801,930.5,809,880,3298.5,3328,3471,3495
1802,1111.5,1244.5,2803.5,2449.5,2926.5,2823.5,2966.5
1803,241,88.5,1369.5,2624,2733,3197.5,3397
1804,1959,1304,2230.5,3290.5,1833,3383.5,3358.5
1805,2610,2084,1376.5,1727.5,2269.5,3414,3373.5
1806,1132.5,1289.5,1799,2722.5,2303,2898,3156
1807,331,1457.5,2399.5,3324,3055.5,3232,3183.5
1808,265,465.5,534,1763.5,1231.5,654.5,1564.5
1809,1899,2841.5,2248,2391,2816.5,2775.5,3305.5
1810,2773.5,2902.5,3167,3511.5,3503.5,3677,3657.5
1811,2686,2903.5,3066.5,3470.5,3544,3631,3689.5
1812,1944.5,2525.5,3091,3559,3649,3713,3613
1813,1581,2400.5,3102.5,3382,3430,2991,3058.5
1814,2657,2713.5,1837,2386.5,616,457,961.5
1815,2484,2772,3040.5,1978.5,2336.5,751.5,2039.5
1816,987.5,371,984,1793,700,936,1852
1817,2771,2800.5,1487,3351,3222.5,2321,1937.5
1818,2500.5,1976.5,2456.5,2935,3294.5,3573.5,3539.5
1819,2655.5,2835.5,3031.5,2440,2603,3051.5,3487.5
1820,2285,2434.5,3024.5,3362,3438,3493,3486
1821,2770.5,2817,3106,3384,3486,3290.5,3110.5
1822,2781,2798,3138.5,3415.5,3395.5,3546.5,3539
1823,2756,2772,562.5,992.5,1881.5,996.5,1622.5
1824,2759.5,2678.5,290.5,2700.5,1233.5,1543.5,102
